// Dear ImGui: standalone example application for Windows API + DirectX 11

// Learn about Dear ImGui:
// - FAQ                  https://dearimgui.com/faq
// - Getting Started      https://dearimgui.com/getting-started
// - Documentation        https://dearimgui.com/docs (same as your local docs/ folder).
// - Introduction, links and more at the top of imgui.cpp

#include "imgui.h"
#include "imgui_impl_win32.h"
#include "imgui_impl_dx11.h"
#include <d3d11.h>
#include <tchar.h>
#include <windows.h>
#include <vector>

// Data
static ID3D11Device*            g_pd3dDevice = nullptr;
static ID3D11DeviceContext*     g_pd3dDeviceContext = nullptr;
static IDXGISwapChain*          g_pSwapChain = nullptr;
static bool                     g_SwapChainOccluded = false;
static UINT                     g_ResizeWidth = 0, g_ResizeHeight = 0;
static ID3D11RenderTargetView*  g_mainRenderTargetView = nullptr;

char hellfire_font[24848] =
{
    0x00, 0x01, 0x00, 0x00, 0x00, 0x11, 0x01, 0x00, 0x00, 0x04, 0x00, 0x10, 0x44, 0x53, 0x49, 0x47,
    0x00, 0x00, 0x00, 0x01, 0x00, 0x00, 0x5F, 0xCC, 0x00, 0x00, 0x00, 0x08, 0x46, 0x46, 0x54, 0x4D,
    0x5F, 0x84, 0x72, 0xC0, 0x00, 0x00, 0x60, 0xF4, 0x00, 0x00, 0x00, 0x1C, 0x47, 0x44, 0x45, 0x46,
    0x03, 0x58, 0x02, 0x3E, 0x00, 0x00, 0x5F, 0xD4, 0x00, 0x00, 0x00, 0x34, 0x47, 0x50, 0x4F, 0x53,
    0xB1, 0xB7, 0xC1, 0x7A, 0x00, 0x00, 0x60, 0x60, 0x00, 0x00, 0x00, 0x92, 0x47, 0x53, 0x55, 0x42,
    0xB2, 0x60, 0xB5, 0xAF, 0x00, 0x00, 0x60, 0x08, 0x00, 0x00, 0x00, 0x58, 0x4F, 0x53, 0x2F, 0x32,
    0x85, 0x6B, 0x9D, 0x52, 0x00, 0x00, 0x01, 0x98, 0x00, 0x00, 0x00, 0x60, 0x63, 0x6D, 0x61, 0x70,
    0xF1, 0xFD, 0xCC, 0xAF, 0x00, 0x00, 0x06, 0x38, 0x00, 0x00, 0x03, 0xA6, 0x67, 0x61, 0x73, 0x70,
    0x00, 0x00, 0x00, 0x10, 0x00, 0x00, 0x5F, 0xC4, 0x00, 0x00, 0x00, 0x08, 0x67, 0x6C, 0x79, 0x66,
    0x86, 0x88, 0xE0, 0x8C, 0x00, 0x00, 0x0C, 0x0C, 0x00, 0x00, 0x4A, 0x54, 0x68, 0x65, 0x61, 0x64,
    0xF9, 0x4B, 0xFB, 0xDC, 0x00, 0x00, 0x01, 0x1C, 0x00, 0x00, 0x00, 0x36, 0x68, 0x68, 0x65, 0x61,
    0x07, 0xDF, 0x03, 0x65, 0x00, 0x00, 0x01, 0x54, 0x00, 0x00, 0x00, 0x24, 0x68, 0x6D, 0x74, 0x78,
    0x7D, 0x93, 0x42, 0x06, 0x00, 0x00, 0x01, 0xF8, 0x00, 0x00, 0x04, 0x40, 0x6C, 0x6F, 0x63, 0x61,
    0xB8, 0xCD, 0xA6, 0xA6, 0x00, 0x00, 0x09, 0xE8, 0x00, 0x00, 0x02, 0x22, 0x6D, 0x61, 0x78, 0x70,
    0x01, 0x59, 0x00, 0x38, 0x00, 0x00, 0x01, 0x78, 0x00, 0x00, 0x00, 0x20, 0x6E, 0x61, 0x6D, 0x65,
    0x0D, 0x83, 0x12, 0xC2, 0x00, 0x00, 0x56, 0x60, 0x00, 0x00, 0x06, 0x63, 0x70, 0x6F, 0x73, 0x74,
    0xFF, 0xB6, 0x8E, 0x33, 0x00, 0x00, 0x5C, 0xC4, 0x00, 0x00, 0x02, 0xFD, 0x70, 0x72, 0x65, 0x70,
    0x68, 0x06, 0x8C, 0x85, 0x00, 0x00, 0x09, 0xE0, 0x00, 0x00, 0x00, 0x07, 0x00, 0x01, 0x00, 0x00,
    0x00, 0x02, 0x00, 0x42, 0x87, 0x1F, 0x32, 0x55, 0x5F, 0x0F, 0x3C, 0xF5, 0x00, 0x0B, 0x03, 0xE8,
    0x00, 0x00, 0x00, 0x00, 0xCB, 0x0B, 0xDB, 0xF4, 0x00, 0x00, 0x00, 0x00, 0xCB, 0x0B, 0xDB, 0xF4,
    0xFF, 0x80, 0xFF, 0x05, 0x04, 0x94, 0x03, 0xC8, 0x00, 0x00, 0x00, 0x08, 0x00, 0x02, 0x00, 0x00,
    0x00, 0x00, 0x00, 0x00, 0x00, 0x01, 0x00, 0x00, 0x03, 0xC8, 0xFF, 0x05, 0x00, 0x00, 0x04, 0xB6,
    0xFF, 0x80, 0xFE, 0x99, 0x04, 0x94, 0x00, 0x01, 0x00, 0x00, 0x00, 0x00, 0x00, 0x00, 0x00, 0x00,
    0x00, 0x00, 0x00, 0x00, 0x00, 0x00, 0x01, 0x10, 0x00, 0x01, 0x00, 0x00, 0x01, 0x10, 0x00, 0x35,
    0x00, 0x07, 0x00, 0x00, 0x00, 0x00, 0x00, 0x02, 0x00, 0x00, 0x00, 0x01, 0x00, 0x01, 0x00, 0x00,
    0x00, 0x40, 0x00, 0x00, 0x00, 0x00, 0x00, 0x00, 0x00, 0x03, 0x02, 0x5F, 0x01, 0x90, 0x00, 0x05,
    0x00, 0x00, 0x02, 0x8A, 0x02, 0x58, 0x00, 0x00, 0x00, 0x4B, 0x02, 0x8A, 0x02, 0x58, 0x00, 0x00,
    0x01, 0x5E, 0x00, 0x32, 0x01, 0x44, 0x00, 0x00, 0x02, 0x00, 0x05, 0x05, 0x00, 0x00, 0x00, 0x02,
    0x00, 0x04, 0x00, 0x00, 0x00, 0x03, 0x00, 0x00, 0x00, 0x00, 0x00, 0x00, 0x00, 0x00, 0x00, 0x00,
    0x00, 0x00, 0x70, 0x79, 0x72, 0x73, 0x00, 0x40, 0x00, 0x20, 0xFB, 0x02, 0x03, 0xC8, 0xFF, 0x05,
    0x00, 0x00, 0x03, 0xC8, 0x00, 0xFB, 0x20, 0x00, 0x00, 0x01, 0x00, 0x00, 0x00, 0x00, 0x02, 0x17,
    0x02, 0xBB, 0x00, 0x00, 0x00, 0x20, 0x00, 0x02, 0x00, 0xCE, 0x00, 0x00, 0x03, 0xE8, 0x00, 0x00,
    0x01, 0x4D, 0x00, 0x00, 0x00, 0xCE, 0x00, 0x00, 0x01, 0x5D, 0x00, 0x64, 0x01, 0x44, 0x00, 0x36,
    0x03, 0x3B, 0x00, 0x57, 0x02, 0xBA, 0x00, 0x50, 0x03, 0x6F, 0x00, 0x5A, 0x02, 0xE4, 0x00, 0x2F,
    0x00, 0xB2, 0x00, 0x36, 0x01, 0x3A, 0x00, 0x30, 0x01, 0x30, 0x00, 0x1D, 0x01, 0xC2, 0x00, 0x46,
    0x02, 0x47, 0x00, 0x3E, 0x00, 0xE0, 0x00, 0x2D, 0x01, 0xC4, 0x00, 0x32, 0x00, 0xD1, 0x00, 0x1E,
    0x02, 0x6E, 0x00, 0x1B, 0x02, 0x67, 0x00, 0x17, 0x02, 0x10, 0x00, 0x5C, 0x02, 0x67, 0x00, 0x3C,
    0x02, 0x7F, 0x00, 0x38, 0x02, 0x67, 0x00, 0x32, 0x02, 0x67, 0x00, 0x41, 0x02, 0x67, 0x00, 0x31,
    0x02, 0x67, 0x00, 0x41, 0x02, 0x67, 0x00, 0x2C, 0x02, 0x67, 0x00, 0x31, 0x00, 0xD1, 0x00, 0x1E,
    0x00, 0xE1, 0x00, 0x2D, 0x02, 0x7E, 0x00, 0x4B, 0x02, 0x57, 0x00, 0x2D, 0x02, 0x98, 0x00, 0x5F,
    0x02, 0x07, 0x00, 0x32, 0x04, 0x0C, 0x00, 0x6E, 0x03, 0x02, 0x00, 0x14, 0x02, 0xD1, 0x00, 0x64,
    0x02, 0xD5, 0x00, 0x30, 0x03, 0x16, 0x00, 0x6E, 0x02, 0xAB, 0x00, 0x6E, 0x02, 0x6D, 0x00, 0x6E,
    0x02, 0xF4, 0x00, 0x30, 0x03, 0x23, 0x00, 0x6E, 0x01, 0x52, 0x00, 0x6E, 0x02, 0x42, 0x00, 0x40,
    0x02, 0xDC, 0x00, 0x6E, 0x02, 0x41, 0x00, 0x6E, 0x03, 0xF1, 0x00, 0x6E, 0x03, 0x5E, 0x00, 0x6E,
    0x03, 0x40, 0x00, 0x30, 0x02, 0xBC, 0x00, 0x6E, 0x03, 0x53, 0x00, 0x30, 0x02, 0xFC, 0x00, 0x6E,
    0x02, 0x96, 0x00, 0x3C, 0x02, 0x8C, 0x00, 0x37, 0x03, 0x02, 0x00, 0x5A, 0x03, 0x02, 0x00, 0x28,
    0x04, 0x14, 0x00, 0x0A, 0x02, 0xE4, 0x00, 0x2D, 0x02, 0xB2, 0x00, 0x19, 0x02, 0xB9, 0x00, 0x3C,
    0x01, 0x57, 0x00, 0x4D, 0x02, 0xEC, 0x00, 0x71, 0x00, 0xF9, 0xFF, 0xD8, 0x01, 0x8A, 0x00, 0x16,
    0x02, 0x74, 0x00, 0x17, 0x03, 0x41, 0x01, 0x3C, 0x02, 0x59, 0x00, 0x3C, 0x02, 0xAC, 0x00, 0x5A,
    0x02, 0x48, 0x00, 0x3B, 0x02, 0xA9, 0x00, 0x2F, 0x02, 0x7B, 0x00, 0x3C, 0x01, 0xB3, 0x00, 0x41,
    0x02, 0x8F, 0x00, 0x28, 0x02, 0x90, 0x00, 0x5A, 0x01, 0x49, 0x00, 0x5F, 0x01, 0x6E, 0xFF, 0xD1,
    0x02, 0x69, 0x00, 0x5A, 0x01, 0x24, 0x00, 0x5A, 0x04, 0x09, 0x00, 0x5A, 0x02, 0x90, 0x00, 0x5A,
    0x02, 0x97, 0x00, 0x32, 0x02, 0xAC, 0x00, 0x5A, 0x02, 0xA8, 0x00, 0x2E, 0x01, 0xA8, 0x00, 0x5A,
    0x02, 0x12, 0x00, 0x30, 0x01, 0xA9, 0x00, 0x37, 0x02, 0x8E, 0x00, 0x49, 0x02, 0x5A, 0x00, 0x17,
    0x03, 0x6C, 0x00, 0x00, 0x02, 0x6A, 0x00, 0x2F, 0x02, 0x4B, 0x00, 0x16, 0x02, 0x14, 0x00, 0x28,
    0x01, 0x31, 0x00, 0x20, 0x00, 0x82, 0x00, 0x17, 0x01, 0x32, 0x00, 0x16, 0x02, 0x7A, 0x00, 0x35,
    0x01, 0x5D, 0x00, 0x64, 0x02, 0x48, 0x00, 0x3B, 0x02, 0x1C, 0x00, 0x07, 0x02, 0xD0, 0x00, 0x24,
    0x01, 0xF6, 0xFF, 0xBB, 0x00, 0xF8, 0x00, 0x50, 0x02, 0x15, 0x00, 0x09, 0x02, 0x62, 0x00, 0xA6,
    0x03, 0x41, 0x00, 0x38, 0x01, 0x09, 0x00, 0x0D, 0x02, 0x2B, 0x00, 0x2E, 0x03, 0x41, 0x00, 0x5D,
    0x03, 0x41, 0x00, 0x36, 0x01, 0xA8, 0x00, 0x3B, 0x01, 0xD1, 0x00, 0x50, 0x01, 0xD8, 0x00, 0x01,
    0x01, 0x55, 0x00, 0x1C, 0x01, 0x67, 0x00, 0x16, 0x03, 0x41, 0x01, 0x52, 0x02, 0x5A, 0x00, 0x22,
    0x02, 0xFC, 0x00, 0x43, 0x02, 0xB0, 0x01, 0x03, 0x01, 0x19, 0x00, 0x2A, 0x01, 0x16, 0x00, 0x2B,
    0x01, 0x0F, 0x00, 0x07, 0x02, 0x14, 0x00, 0x2E, 0x03, 0x7A, 0x00, 0x51, 0x03, 0xBB, 0x00, 0x4F,
    0x03, 0x74, 0x00, 0x2F, 0x02, 0x07, 0x00, 0x32, 0x03, 0x19, 0x00, 0x14, 0x03, 0x0C, 0x00, 0x14,
    0x03, 0x27, 0x00, 0x14, 0x03, 0x19, 0x00, 0x14, 0x03, 0x19, 0x00, 0x14, 0x03, 0x19, 0x00, 0x14,
    0x04, 0x25, 0x00, 0x0C, 0x02, 0xD5, 0x00, 0x30, 0x02, 0x8B, 0x00, 0x64, 0x02, 0xA1, 0x00, 0x64,
    0x02, 0xA1, 0x00, 0x64, 0x02, 0xA1, 0x00, 0x64, 0x01, 0x3E, 0xFF, 0xF4, 0x01, 0x3E, 0x00, 0x64,
    0x01, 0x3E, 0xFF, 0xEF, 0x01, 0x36, 0x00, 0x0A, 0x03, 0x16, 0x00, 0x1F, 0x03, 0x4A, 0x00, 0x64,
    0x03, 0x40, 0x00, 0x30, 0x03, 0x40, 0x00, 0x30, 0x03, 0x40, 0x00, 0x30, 0x03, 0x40, 0x00, 0x30,
    0x03, 0x40, 0x00, 0x30, 0x02, 0x17, 0xFF, 0xFA, 0x03, 0x40, 0x00, 0x30, 0x02, 0xEE, 0x00, 0x50,
    0x02, 0xEE, 0x00, 0x50, 0x02, 0xE3, 0x00, 0x4A, 0x02, 0xF8, 0x00, 0x55, 0x02, 0xBA, 0x00, 0x19,
    0x02, 0x5E, 0x00, 0x20, 0x02, 0x8F, 0x00, 0x5D, 0x02, 0x63, 0x00, 0x3C, 0x02, 0x63, 0x00, 0x3C,
    0x02, 0x63, 0x00, 0x3C, 0x02, 0x63, 0x00, 0x3C, 0x02, 0x63, 0x00, 0x3C, 0x02, 0x63, 0x00, 0x3C,
    0x04, 0x04, 0x00, 0x60, 0x02, 0x48, 0x00, 0x3B, 0x02, 0x66, 0x00, 0x32, 0x02, 0x66, 0x00, 0x32,
    0x02, 0x66, 0x00, 0x32, 0x02, 0x66, 0x00, 0x32, 0x01, 0x24, 0xFF, 0xE8, 0x01, 0x24, 0x00, 0x5A,
    0x01, 0x24, 0xFF, 0xE1, 0x01, 0x24, 0xFF, 0xF8, 0x02, 0x72, 0x00, 0x42, 0x02, 0x75, 0x00, 0x50,
    0x02, 0x97, 0x00, 0x32, 0x02, 0x97, 0x00, 0x32, 0x02, 0x97, 0x00, 0x32, 0x02, 0x97, 0x00, 0x32,
    0x02, 0x97, 0x00, 0x32, 0x02, 0x71, 0x00, 0x4C, 0x02, 0x97, 0x00, 0x32, 0x02, 0x8E, 0x00, 0x50,
    0x02, 0x8E, 0x00, 0x49, 0x02, 0x8E, 0x00, 0x49, 0x02, 0x8E, 0x00, 0x50, 0x02, 0x50, 0x00, 0x30,
    0x02, 0xAE, 0x00, 0x56, 0x02, 0x50, 0x00, 0x30, 0x02, 0x90, 0x00, 0x2C, 0x01, 0x52, 0xFF, 0xEE,
    0x01, 0x24, 0xFF, 0xF1, 0x01, 0x24, 0x00, 0x5A, 0x02, 0xB7, 0x00, 0x5F, 0x02, 0x42, 0x00, 0x40,
    0x01, 0x6E, 0xFF, 0xD1, 0x02, 0x69, 0x00, 0x5A, 0x02, 0x69, 0x00, 0x5A, 0x01, 0xCD, 0x00, 0x5A,
    0x02, 0x37, 0x00, 0x08, 0x01, 0x24, 0x00, 0x08, 0x03, 0x5E, 0x00, 0x6E, 0x02, 0x90, 0x00, 0x5A,
    0x04, 0x7D, 0x00, 0x6B, 0x04, 0x35, 0x00, 0x32, 0x02, 0xFC, 0x00, 0x6E, 0x02, 0xFC, 0x00, 0x6E,
    0x01, 0xA8, 0x00, 0x29, 0x02, 0xFC, 0x00, 0x6E, 0x01, 0xA8, 0x00, 0x31, 0x02, 0x82, 0x00, 0x32,
    0x02, 0x12, 0x00, 0x13, 0x02, 0xBA, 0x00, 0x19, 0x02, 0xB5, 0x00, 0x3C, 0x02, 0x18, 0x00, 0x32,
    0x02, 0x67, 0xFF, 0xF4, 0x02, 0xA2, 0x00, 0x9D, 0x02, 0x51, 0x00, 0x93, 0x03, 0x41, 0x00, 0xE6,
    0x01, 0x49, 0x00, 0x5A, 0x03, 0x41, 0x00, 0xBA, 0x00, 0xD7, 0x00, 0x12, 0x03, 0x41, 0x00, 0xB2,
    0x01, 0xFA, 0x00, 0x34, 0x03, 0x08, 0x00, 0x14, 0x03, 0x41, 0x00, 0x0D, 0x02, 0xF3, 0x00, 0x13,
    0x01, 0xF7, 0x00, 0x35, 0x03, 0x41, 0x00, 0x37, 0x00, 0xC6, 0x00, 0x17, 0x00, 0xC0, 0x00, 0x17,
    0x00, 0xD5, 0x00, 0x28, 0x01, 0x58, 0x00, 0x17, 0x01, 0x65, 0x00, 0x17, 0x01, 0x69, 0x00, 0x28,
    0x02, 0x00, 0x00, 0x1C, 0x01, 0xED, 0x00, 0x1D, 0x01, 0x8F, 0x00, 0x45, 0x02, 0x73, 0x00, 0x1E,
    0x04, 0xB6, 0x00, 0x5A, 0x01, 0x6E, 0x00, 0x2E, 0x01, 0x4B, 0x00, 0x2E, 0x01, 0x7A, 0xFF, 0x80,
    0x02, 0xBC, 0xFF, 0xD9, 0x03, 0xD2, 0x00, 0x37, 0x02, 0x83, 0x00, 0x30, 0x03, 0x41, 0x00, 0x66,
    0x02, 0xB5, 0x00, 0x19, 0x01, 0xD8, 0x00, 0x0A, 0x03, 0x41, 0x00, 0x5E, 0x03, 0x35, 0x00, 0x2D,
    0x01, 0xB4, 0x00, 0x2F, 0x02, 0x40, 0x00, 0x1D, 0x02, 0x56, 0x00, 0x2D, 0x02, 0x1F, 0x00, 0x27,
    0x02, 0x2D, 0x00, 0x27, 0x03, 0x41, 0x00, 0xEA, 0x03, 0x41, 0x00, 0x48, 0x02, 0xC6, 0x00, 0x32,
    0x02, 0xCD, 0x00, 0x24, 0x02, 0x8E, 0x00, 0xA6, 0x01, 0x24, 0x00, 0x60, 0x03, 0x41, 0x00, 0xED,
    0x03, 0x41, 0x01, 0x40, 0x00, 0x00, 0x00, 0xE4, 0x00, 0x00, 0x00, 0xE4, 0x00, 0x00, 0x00, 0xE4,
    0x02, 0xA2, 0x00, 0x9D, 0x01, 0x8A, 0x00, 0x18, 0x00, 0x00, 0x00, 0x03, 0x00, 0x00, 0x00, 0x03,
    0x00, 0x00, 0x00, 0x1C, 0x00, 0x01, 0x00, 0x00, 0x00, 0x00, 0x01, 0x9C, 0x00, 0x03, 0x00, 0x01,
    0x00, 0x00, 0x00, 0x1C, 0x00, 0x04, 0x01, 0x80, 0x00, 0x00, 0x00, 0x5C, 0x00, 0x40, 0x00, 0x05,
    0x00, 0x1C, 0x00, 0x00, 0x00, 0x7E, 0x00, 0xAC, 0x00, 0xFF, 0x01, 0x29, 0x01, 0x31, 0x01, 0x35,
    0x01, 0x38, 0x01, 0x44, 0x01, 0x54, 0x01, 0x59, 0x01, 0x61, 0x01, 0x78, 0x01, 0x7E, 0x01, 0x92,
    0x02, 0xC7, 0x02, 0xDD, 0x03, 0x94, 0x03, 0xA9, 0x03, 0xBC, 0x03, 0xC0, 0x20, 0x14, 0x20, 0x1A,
    0x20, 0x1E, 0x20, 0x22, 0x20, 0x26, 0x20, 0x30, 0x20, 0x3A, 0x20, 0x44, 0x20, 0xAC, 0x21, 0x22,
    0x21, 0x26, 0x22, 0x02, 0x22, 0x06, 0x22, 0x0F, 0x22, 0x12, 0x22, 0x1A, 0x22, 0x1E, 0x22, 0x2B,
    0x22, 0x48, 0x22, 0x60, 0x22, 0x65, 0x25, 0xCA, 0x27, 0x2F, 0xFB, 0x02, 0xFF, 0xFF, 0x00, 0x00,
    0x00, 0x00, 0x00, 0x20, 0x00, 0xA1, 0x00, 0xAE, 0x01, 0x27, 0x01, 0x31, 0x01, 0x33, 0x01, 0x37,
    0x01, 0x40, 0x01, 0x52, 0x01, 0x56, 0x01, 0x60, 0x01, 0x78, 0x01, 0x7D, 0x01, 0x92, 0x02, 0xC6,
    0x02, 0xD8, 0x03, 0x94, 0x03, 0xA9, 0x03, 0xBC, 0x03, 0xC0, 0x20, 0x13, 0x20, 0x18, 0x20, 0x1C,
    0x20, 0x20, 0x20, 0x26, 0x20, 0x30, 0x20, 0x39, 0x20, 0x44, 0x20, 0xAC, 0x21, 0x22, 0x21, 0x26,
    0x22, 0x02, 0x22, 0x06, 0x22, 0x0F, 0x22, 0x11, 0x22, 0x1A, 0x22, 0x1E, 0x22, 0x2B, 0x22, 0x48,
    0x22, 0x60, 0x22, 0x64, 0x25, 0xCA, 0x27, 0x2F, 0xFB, 0x01, 0xFF, 0xFF, 0x00, 0x01, 0xFF, 0xE3,
    0xFF, 0xC1, 0xFF, 0xC0, 0xFF, 0x99, 0xFF, 0x92, 0xFF, 0x91, 0xFF, 0x90, 0xFF, 0x89, 0xFF, 0x7C,
    0xFF, 0x7B, 0xFF, 0x75, 0xFF, 0x5F, 0xFF, 0x5B, 0xFF, 0x48, 0xFE, 0x15, 0xFE, 0x05, 0xFD, 0x4F,
    0xFD, 0x3B, 0xFC, 0xB9, 0xFD, 0x25, 0xE0, 0xD3, 0xE0, 0xD0, 0xE0, 0xCF, 0xE0, 0xCE, 0xE0, 0xCB,
    0xE0, 0xC2, 0xE0, 0xBA, 0xE0, 0xB1, 0xE0, 0x4A, 0xDF, 0xD5, 0xDF, 0xBE, 0xDE, 0xF6, 0xDE, 0xDD,
    0xDE, 0xEA, 0xDE, 0xE9, 0xDE, 0xE2, 0xDE, 0xDF, 0xDE, 0xD3, 0xDE, 0xB7, 0xDE, 0xA0, 0xDE, 0x9D,
    0xDB, 0x39, 0xD9, 0xD5, 0x06, 0x04, 0x00, 0x01, 0x00, 0x00, 0x00, 0x00, 0x00, 0x00, 0x00, 0x00,
    0x00, 0x00, 0x00, 0x00, 0x00, 0x00, 0x00, 0x00, 0x00, 0x00, 0x00, 0x00, 0x00, 0x00, 0x00, 0x00,
    0x00, 0x00, 0x00, 0x00, 0x00, 0x00, 0x00, 0x00, 0x00, 0x00, 0x00, 0x00, 0x00, 0x00, 0x00, 0x00,
    0x00, 0x00, 0x00, 0x00, 0x00, 0x00, 0x00, 0x00, 0x00, 0x00, 0x00, 0x00, 0x00, 0x00, 0x00, 0x00,
    0x00, 0x00, 0x00, 0x00, 0x00, 0x00, 0x00, 0x00, 0x00, 0x00, 0x00, 0x00, 0x00, 0x00, 0x00, 0x00,
    0x00, 0x00, 0x00, 0x00, 0x00, 0x00, 0x00, 0x00, 0x00, 0x00, 0x00, 0x00, 0x00, 0x00, 0x00, 0x00,
    0x00, 0x00, 0x00, 0x00, 0x00, 0x06, 0x02, 0x0A, 0x00, 0x00, 0x00, 0x00, 0x01, 0x00, 0x00, 0x01,
    0x00, 0x00, 0x00, 0x00, 0x00, 0x00, 0x00, 0x00, 0x00, 0x00, 0x00, 0x00, 0x00, 0x00, 0x00, 0x01,
    0x00, 0x02, 0x00, 0x00, 0x00, 0x00, 0x00, 0x00, 0x00, 0x02, 0x00, 0x00, 0x00, 0x00, 0x00, 0x00,
    0x00, 0x00, 0x00, 0x00, 0x00, 0x00, 0x00, 0x00, 0x00, 0x00, 0x00, 0x00, 0x00, 0x00, 0x00, 0x00,
    0x00, 0x00, 0x00, 0x00, 0x00, 0x00, 0x00, 0x00, 0x00, 0x01, 0x00, 0x00, 0x00, 0x00, 0x00, 0x03,
    0x00, 0x04, 0x00, 0x05, 0x00, 0x06, 0x00, 0x07, 0x00, 0x08, 0x00, 0x09, 0x00, 0x0A, 0x00, 0x0B,
    0x00, 0x0C, 0x00, 0x0D, 0x00, 0x0E, 0x00, 0x0F, 0x00, 0x10, 0x00, 0x11, 0x00, 0x12, 0x00, 0x13,
    0x00, 0x14, 0x00, 0x15, 0x00, 0x16, 0x00, 0x17, 0x00, 0x18, 0x00, 0x19, 0x00, 0x1A, 0x00, 0x1B,
    0x00, 0x1C, 0x00, 0x1D, 0x00, 0x1E, 0x00, 0x1F, 0x00, 0x20, 0x00, 0x21, 0x00, 0x22, 0x00, 0x23,
    0x00, 0x24, 0x00, 0x25, 0x00, 0x26, 0x00, 0x27, 0x00, 0x28, 0x00, 0x29, 0x00, 0x2A, 0x00, 0x2B,
    0x00, 0x2C, 0x00, 0x2D, 0x00, 0x2E, 0x00, 0x2F, 0x00, 0x30, 0x00, 0x31, 0x00, 0x32, 0x00, 0x33,
    0x00, 0x34, 0x00, 0x35, 0x00, 0x36, 0x00, 0x37, 0x00, 0x38, 0x00, 0x39, 0x00, 0x3A, 0x00, 0x3B,
    0x00, 0x3C, 0x00, 0x3D, 0x00, 0x3E, 0x00, 0x3F, 0x00, 0x40, 0x00, 0x41, 0x00, 0x42, 0x00, 0x43,
    0x00, 0x44, 0x00, 0x45, 0x00, 0x46, 0x00, 0x47, 0x00, 0x48, 0x00, 0x49, 0x00, 0x4A, 0x00, 0x4B,
    0x00, 0x4C, 0x00, 0x4D, 0x00, 0x4E, 0x00, 0x4F, 0x00, 0x50, 0x00, 0x51, 0x00, 0x52, 0x00, 0x53,
    0x00, 0x54, 0x00, 0x55, 0x00, 0x56, 0x00, 0x57, 0x00, 0x58, 0x00, 0x59, 0x00, 0x5A, 0x00, 0x5B,
    0x00, 0x5C, 0x00, 0x5D, 0x00, 0x5E, 0x00, 0x5F, 0x00, 0x60, 0x00, 0x61, 0x00, 0x00, 0x00, 0x84,
    0x00, 0x85, 0x00, 0x87, 0x00, 0x89, 0x00, 0x91, 0x00, 0x96, 0x00, 0x9C, 0x00, 0xA1, 0x00, 0xA0,
    0x00, 0xA2, 0x00, 0xA4, 0x00, 0xA3, 0x00, 0xA5, 0x00, 0xA7, 0x00, 0xA9, 0x00, 0xA8, 0x00, 0xAA,
    0x00, 0xAB, 0x00, 0xAD, 0x00, 0xAC, 0x00, 0xAE, 0x00, 0xAF, 0x00, 0xB1, 0x00, 0xB3, 0x00, 0xB2,
    0x00, 0xB4, 0x00, 0xB6, 0x00, 0xB5, 0x00, 0xBA, 0x00, 0xB9, 0x00, 0xBB, 0x00, 0xBC, 0x00, 0xEE,
    0x00, 0x70, 0x00, 0x63, 0x00, 0x64, 0x00, 0x68, 0x00, 0xF0, 0x00, 0x76, 0x00, 0x9F, 0x00, 0x6E,
    0x00, 0x6A, 0x00, 0xF7, 0x00, 0x74, 0x00, 0x69, 0x01, 0x00, 0x00, 0x86, 0x00, 0x98, 0x00, 0xFD,
    0x00, 0x71, 0x01, 0x01, 0x01, 0x02, 0x00, 0x66, 0x00, 0x75, 0x00, 0xF8, 0x00, 0xFA, 0x00, 0xF9,
    0x00, 0xE5, 0x00, 0xFE, 0x00, 0x6B, 0x00, 0x7A, 0x00, 0xE4, 0x00, 0xA6, 0x00, 0xB8, 0x00, 0x7F,
    0x00, 0x62, 0x00, 0x6D, 0x00, 0xFC, 0x00, 0xDA, 0x00, 0xFF, 0x00, 0xE3, 0x00, 0x6C, 0x00, 0x7B,
    0x00, 0xF1, 0x00, 0x00, 0x00, 0x80, 0x00, 0x83, 0x00, 0x95, 0x00, 0xCE, 0x00, 0xCF, 0x00, 0xE6,
    0x00, 0xE7, 0x00, 0xEB, 0x00, 0xEC, 0x00, 0xE8, 0x00, 0xE9, 0x00, 0xB7, 0x01, 0x03, 0x00, 0xBF,
    0x00, 0xD7, 0x00, 0xF5, 0x00, 0xF6, 0x00, 0xF3, 0x00, 0xF4, 0x01, 0x05, 0x01, 0x06, 0x00, 0xEF,
    0x00, 0x77, 0x00, 0xEA, 0x00, 0xED, 0x00, 0xF2, 0x00, 0x82, 0x00, 0x8A, 0x00, 0x81, 0x00, 0x8B,
    0x00, 0x88, 0x00, 0x8D, 0x00, 0x8E, 0x00, 0x8F, 0x00, 0x8C, 0x00, 0x93, 0x00, 0x94, 0x00, 0x00,
    0x00, 0x92, 0x00, 0x9A, 0x00, 0x9B, 0x00, 0x99, 0x00, 0xC3, 0x00, 0xDB, 0x00, 0xE1, 0x00, 0x6F,
    0x00, 0xDD, 0x00, 0xDE, 0x00, 0xDF, 0x00, 0x78, 0x00, 0xE2, 0x00, 0xE0, 0x00, 0xDC, 0x00, 0x00,
    0xB8, 0x01, 0xFF, 0x85, 0xB0, 0x04, 0x8D, 0x00, 0x00, 0x00, 0x00, 0x00, 0x00, 0x00, 0x00, 0x00,
    0x00, 0x00, 0x00, 0x1C, 0x00, 0x2E, 0x00, 0x74, 0x00, 0xB6, 0x00, 0xF4, 0x01, 0x3C, 0x01, 0x48,
    0x01, 0x60, 0x01, 0x78, 0x01, 0x9A, 0x01, 0xAE, 0x01, 0xC4, 0x01, 0xD0, 0x01, 0xE2, 0x01, 0xF0,
    0x02, 0x10, 0x02, 0x20, 0x02, 0x46, 0x02, 0x6C, 0x02, 0x86, 0x02, 0xAE, 0x02, 0xE2, 0x02, 0xF8,
    0x03, 0x2C, 0x03, 0x60, 0x03, 0x7E, 0x03, 0xA0, 0x03, 0xB4, 0x03, 0xC8, 0x03, 0xDC, 0x04, 0x14,
    0x04, 0x60, 0x04, 0x7C, 0x04, 0xB4, 0x04, 0xD8, 0x04, 0xF8, 0x05, 0x10, 0x05, 0x26, 0x05, 0x4A,
    0x05, 0x62, 0x05, 0x70, 0x05, 0x8C, 0x05, 0xA8, 0x05, 0xB8, 0x05, 0xD4, 0x05, 0xEA, 0x06, 0x0A,
    0x06, 0x2A, 0x06, 0x5C, 0x06, 0x80, 0x06, 0xB0, 0x06, 0xC2, 0x06, 0xE0, 0x06, 0xF4, 0x07, 0x12,
    0x07, 0x30, 0x07, 0x48, 0x07, 0x62, 0x07, 0x74, 0x07, 0x82, 0x07, 0x94, 0x07, 0xA6, 0x07, 0xB2,
    0x07, 0xC0, 0x07, 0xEE, 0x08, 0x12, 0x08, 0x30, 0x08, 0x54, 0x08, 0x7C, 0x08, 0x9C, 0x08, 0xCE,
    0x08, 0xEE, 0x09, 0x06, 0x09, 0x2A, 0x09, 0x42, 0x09, 0x4E, 0x09, 0x7E, 0x09, 0x9E, 0x09, 0xBC,
    0x09, 0xE0, 0x0A, 0x02, 0x0A, 0x1C, 0x0A, 0x52, 0x0A, 0x72, 0x0A, 0x92, 0x0A, 0xA4, 0x0A, 0xC0,
    0x0A, 0xDA, 0x0A, 0xFC, 0x0B, 0x12, 0x0B, 0x3E, 0x0B, 0x4C, 0x0B, 0x7A, 0x0B, 0xA2, 0x0B, 0xBE,
    0x0B, 0xEE, 0x0C, 0x14, 0x0C, 0x48, 0x0C, 0x70, 0x0C, 0x84, 0x0C, 0xD2, 0x0C, 0xF0, 0x0D, 0x28,
    0x0D, 0x52, 0x0D, 0x6C, 0x0D, 0x7C, 0x0D, 0xBA, 0x0D, 0xC8, 0x0D, 0xE6, 0x0E, 0x02, 0x0E, 0x26,
    0x0E, 0x4A, 0x0E, 0x58, 0x0E, 0x78, 0x0E, 0x98, 0x0E, 0xAA, 0x0E, 0xC8, 0x0E, 0xD8, 0x0E, 0xF6,
    0x0F, 0x10, 0x0F, 0x3A, 0x0F, 0x70, 0x0F, 0xAE, 0x0F, 0xE6, 0x10, 0x0A, 0x10, 0x2E, 0x10, 0x56,
    0x10, 0x8E, 0x10, 0xC2, 0x10, 0xF6, 0x11, 0x1C, 0x11, 0x56, 0x11, 0x76, 0x11, 0x96, 0x11, 0xBA,
    0x11, 0xE8, 0x11, 0xFC, 0x12, 0x10, 0x12, 0x28, 0x12, 0x4C, 0x12, 0x72, 0x12, 0xA4, 0x12, 0xCC,
    0x12, 0xF4, 0x13, 0x1E, 0x13, 0x58, 0x13, 0x90, 0x13, 0xAA, 0x13, 0xEA, 0x14, 0x0E, 0x14, 0x32,
    0x14, 0x5A, 0x14, 0x90, 0x14, 0xAE, 0x14, 0xD0, 0x15, 0x0C, 0x15, 0x40, 0x15, 0x74, 0x15, 0xAC,
    0x15, 0xF6, 0x16, 0x3A, 0x16, 0x7E, 0x16, 0xCC, 0x17, 0x00, 0x17, 0x2E, 0x17, 0x5C, 0x17, 0x90,
    0x17, 0xCE, 0x17, 0xE2, 0x17, 0xF6, 0x18, 0x0E, 0x18, 0x32, 0x18, 0x6A, 0x18, 0xA8, 0x18, 0xCC,
    0x18, 0xF0, 0x19, 0x1A, 0x19, 0x56, 0x19, 0x8C, 0x19, 0xB0, 0x19, 0xEC, 0x1A, 0x12, 0x1A, 0x38,
    0x1A, 0x64, 0x1A, 0x9A, 0x1A, 0xC2, 0x1A, 0xF2, 0x1B, 0x2C, 0x1B, 0x54, 0x1B, 0x7C, 0x1B, 0xA6,
    0x1B, 0xB4, 0x1B, 0xE8, 0x1C, 0x10, 0x1C, 0x3E, 0x1C, 0x6E, 0x1C, 0x86, 0x1C, 0x9E, 0x1C, 0xB8,
    0x1C, 0xD0, 0x1C, 0xEC, 0x1D, 0x12, 0x1D, 0x3A, 0x1D, 0x7E, 0x1D, 0xA8, 0x1D, 0xD2, 0x1D, 0xF2,
    0x1E, 0x20, 0x1E, 0x44, 0x1E, 0x7A, 0x1E, 0xBC, 0x1E, 0xEA, 0x1F, 0x0E, 0x1F, 0x30, 0x1F, 0x60,
    0x1F, 0x72, 0x1F, 0x84, 0x1F, 0x9A, 0x1F, 0xAC, 0x1F, 0xCA, 0x1F, 0xE4, 0x20, 0x08, 0x20, 0x1C,
    0x20, 0x34, 0x20, 0x5E, 0x20, 0x88, 0x20, 0x94, 0x20, 0xA0, 0x20, 0xAE, 0x20, 0xBC, 0x20, 0xCA,
    0x20, 0xDE, 0x20, 0xF2, 0x21, 0x06, 0x21, 0x1C, 0x21, 0x3A, 0x21, 0x4C, 0x21, 0x74, 0x21, 0xC8,
    0x21, 0xDA, 0x21, 0xEA, 0x21, 0xFA, 0x22, 0x36, 0x22, 0x5E, 0x22, 0x9A, 0x22, 0xAE, 0x22, 0xCA,
    0x22, 0xD8, 0x22, 0xEE, 0x23, 0x2C, 0x23, 0x60, 0x23, 0xA0, 0x23, 0xC0, 0x23, 0xDA, 0x23, 0xF6,
    0x24, 0x04, 0x24, 0x1C, 0x24, 0x46, 0x24, 0x78, 0x24, 0x96, 0x24, 0xA4, 0x24, 0xB6, 0x24, 0xC4,
    0x24, 0xDA, 0x24, 0xF0, 0x25, 0x06, 0x25, 0x18, 0x25, 0x2A, 0x00, 0x00, 0x00, 0x02, 0x00, 0x64,
    0xFF, 0xF8, 0x00, 0xF9, 0x02, 0xCC, 0x00, 0x05, 0x00, 0x0D, 0x00, 0x00, 0x13, 0x33, 0x15, 0x03,
    0x23, 0x03, 0x12, 0x26, 0x34, 0x36, 0x32, 0x16, 0x14, 0x06, 0x68, 0x8C, 0x1E, 0x50, 0x1E, 0x28,
    0x2C, 0x2C, 0x3D, 0x2C, 0x2C, 0x02, 0xCC, 0x81, 0xFE, 0x97, 0x01, 0x69, 0xFD, 0xAD, 0x2C, 0x3D,
    0x2C, 0x2C, 0x3D, 0x2C, 0x00, 0x02, 0x00, 0x36, 0x01, 0xC5, 0x01, 0x12, 0x02, 0xBB, 0x00, 0x03,
    0x00, 0x07, 0x00, 0x00, 0x13, 0x35, 0x33, 0x15, 0x33, 0x35, 0x33, 0x15, 0x36, 0x4E, 0x40, 0x4E,
    0x01, 0xC5, 0xF6, 0xF6, 0xF6, 0xF6, 0x00, 0x00, 0x00, 0x04, 0x00, 0x57, 0x00, 0x00, 0x02, 0xE1,
    0x02, 0xCC, 0x00, 0x1B, 0x00, 0x1F, 0x00, 0x2B, 0x00, 0x2D, 0x00, 0x00, 0x01, 0x23, 0x07, 0x33,
    0x07, 0x23, 0x07, 0x23, 0x37, 0x23, 0x07, 0x23, 0x37, 0x23, 0x37, 0x33, 0x37, 0x23, 0x37, 0x33,
    0x37, 0x33, 0x07, 0x33, 0x37, 0x33, 0x07, 0x33, 0x07, 0x23, 0x07, 0x33, 0x3F, 0x01, 0x23, 0x37,
    0x23, 0x07, 0x23, 0x37, 0x23, 0x07, 0x23, 0x07, 0x3B, 0x01, 0x02, 0xCB, 0x6C, 0x1D, 0x7B, 0x16,
    0x77, 0x1C, 0x6F, 0x1C, 0x93, 0x1C, 0x70, 0x1C, 0x67, 0x16, 0x64, 0x1D, 0x72, 0x16, 0x6F, 0x1D,
    0x6F, 0x1D, 0x93, 0x1D, 0x70, 0x1F, 0x70, 0xF0, 0x93, 0x1E, 0x93, 0xF8, 0x16, 0x70, 0x1F, 0x70,
    0x1D, 0x93, 0x1D, 0x6F, 0x1D, 0x6F, 0x16, 0xE2, 0x93, 0x01, 0xB4, 0xA6, 0x6E, 0xA0, 0xA0, 0xA0,
    0xA0, 0x6E, 0xA6, 0x6E, 0xAA, 0xAA, 0xAA, 0xAA, 0x6E, 0xA6, 0xA6, 0x6E, 0xAA, 0xAA, 0xAA, 0xAA,
    0x6E, 0x00, 0x00, 0x00, 0x00, 0x03, 0x00, 0x50, 0xFF, 0xB8, 0x02, 0x68, 0x02, 0xF5, 0x00, 0x1C,
    0x00, 0x22, 0x00, 0x28, 0x00, 0x00, 0x05, 0x35, 0x26, 0x27, 0x37, 0x16, 0x17, 0x35, 0x2E, 0x01,
    0x34, 0x36, 0x37, 0x35, 0x33, 0x15, 0x16, 0x17, 0x07, 0x26, 0x27, 0x15, 0x33, 0x1E, 0x01, 0x14,
    0x06, 0x07, 0x15, 0x3E, 0x01, 0x34, 0x26, 0x27, 0x15, 0x02, 0x06, 0x14, 0x16, 0x17, 0x35, 0x01,
    0x46, 0x89, 0x6D, 0x49, 0x54, 0x59, 0x71, 0x69, 0x79, 0x61, 0x40, 0x6E, 0x62, 0x41, 0x42, 0x4D,
    0x03, 0x73, 0x6C, 0x7C, 0x66, 0x30, 0x38, 0x2C, 0x3C, 0x6D, 0x33, 0x28, 0x38, 0x48, 0x49, 0x0E,
    0x5F, 0x57, 0x49, 0x0E, 0xC2, 0x1B, 0x58, 0xAD, 0x6E, 0x05, 0x32, 0x33, 0x08, 0x43, 0x5C, 0x2F,
    0x0B, 0xBC, 0x1B, 0x5C, 0xAF, 0x6E, 0x05, 0x48, 0xB8, 0x2E, 0x46, 0x29, 0x12, 0xB4, 0x01, 0xE9,
    0x2D, 0x43, 0x27, 0x12, 0xAD, 0x00, 0x00, 0x00, 0x00, 0x05, 0x00, 0x5A, 0xFF, 0xF8, 0x03, 0x15,
    0x02, 0xCC, 0x00, 0x07, 0x00, 0x0B, 0x00, 0x13, 0x00, 0x1B, 0x00, 0x23, 0x00, 0x00, 0x00, 0x14,
    0x06, 0x22, 0x26, 0x34, 0x36, 0x32, 0x05, 0x01, 0x23, 0x01, 0x04, 0x34, 0x26, 0x22, 0x06, 0x14,
    0x16, 0x32, 0x00, 0x14, 0x06, 0x22, 0x26, 0x34, 0x36, 0x32, 0x06, 0x34, 0x26, 0x22, 0x06, 0x14,
    0x16, 0x32, 0x01, 0x88, 0x57, 0x81, 0x56, 0x57, 0x81, 0x01, 0xC2, 0xFE, 0x00, 0x81, 0x02, 0x00,
    0xFE, 0xB7, 0x22, 0x31, 0x20, 0x22, 0x31, 0x02, 0x0B, 0x57, 0x81, 0x56, 0x57, 0x81, 0x06, 0x22,
    0x31, 0x20, 0x22, 0x31, 0x02, 0x6F, 0x84, 0x5E, 0x5D, 0x84, 0x5E, 0x11, 0xFD, 0x45, 0x02, 0xBB,
    0xAE, 0x3C, 0x29, 0x29, 0x3C, 0x29, 0xFE, 0xF6, 0x84, 0x5E, 0x5D, 0x84, 0x5E, 0xC1, 0x3C, 0x29,
    0x29, 0x3C, 0x29, 0x00, 0x00, 0x03, 0x00, 0x2F, 0xFF, 0xEE, 0x02, 0x9E, 0x02, 0xCC, 0x00, 0x1B,
    0x00, 0x23, 0x00, 0x2C, 0x00, 0x00, 0x01, 0x17, 0x06, 0x07, 0x16, 0x17, 0x07, 0x27, 0x06, 0x23,
    0x22, 0x26, 0x35, 0x34, 0x37, 0x2E, 0x01, 0x35, 0x34, 0x36, 0x32, 0x16, 0x15, 0x14, 0x07, 0x16,
    0x17, 0x36, 0x04, 0x16, 0x32, 0x37, 0x26, 0x27, 0x06, 0x15, 0x12, 0x06, 0x14, 0x16, 0x17, 0x36,
    0x35, 0x34, 0x26, 0x02, 0x21, 0x52, 0x1A, 0x21, 0x29, 0x3D, 0x4B, 0x5C, 0x58, 0x84, 0x62, 0x8A,
    0xA4, 0x29, 0x21, 0x76, 0xA0, 0x70, 0xA0, 0x50, 0x32, 0x1F, 0xFE, 0x8E, 0x4C, 0x7E, 0x47, 0x65,
    0x3B, 0x71, 0x8F, 0x35, 0x1B, 0x21, 0x71, 0x35, 0x01, 0x4A, 0x3A, 0x45, 0x34, 0x29, 0x3A, 0x46,
    0x5B, 0x51, 0x6D, 0x5F, 0x71, 0x58, 0x2F, 0x3C, 0x2E, 0x50, 0x56, 0x52, 0x4A, 0x63, 0x58, 0x62,
    0x34, 0x2E, 0x7B, 0x39, 0x3A, 0x6A, 0x48, 0x3D, 0x49, 0x01, 0xB4, 0x2A, 0x38, 0x2D, 0x28, 0x38,
    0x30, 0x28, 0x27, 0x00, 0x00, 0x01, 0x00, 0x36, 0x01, 0xC5, 0x00, 0x84, 0x02, 0xBB, 0x00, 0x03,
    0x00, 0x00, 0x13, 0x35, 0x33, 0x15, 0x36, 0x4E, 0x01, 0xC5, 0xF6, 0xF6, 0x00, 0x01, 0x00, 0x30,
    0xFF, 0x7B, 0x01, 0x29, 0x02, 0xF5, 0x00, 0x0B, 0x00, 0x00, 0x12, 0x14, 0x16, 0x17, 0x23, 0x2E,
    0x01, 0x34, 0x36, 0x37, 0x33, 0x06, 0x9F, 0x50, 0x3A, 0x77, 0x31, 0x51, 0x51, 0x31, 0x77, 0x3A,
    0x01, 0xAB, 0xE6, 0xF9, 0x51, 0x44, 0xFC, 0xFA, 0xFC, 0x44, 0x51, 0x00, 0x00, 0x01, 0x00, 0x1D,
    0xFF, 0x7B, 0x01, 0x16, 0x02, 0xF5, 0x00, 0x0B, 0x00, 0x00, 0x36, 0x34, 0x26, 0x27, 0x33, 0x1E,
    0x01, 0x14, 0x06, 0x07, 0x23, 0x36, 0xA7, 0x50, 0x3A, 0x77, 0x31, 0x51, 0x51, 0x31, 0x77, 0x3A,
    0xC5, 0xE6, 0xF9, 0x51, 0x44, 0xFC, 0xFA, 0xFC, 0x44, 0x51, 0x00, 0x00, 0x00, 0x01, 0x00, 0x46,
    0x01, 0x7C, 0x01, 0x7C, 0x02, 0xBB, 0x00, 0x11, 0x00, 0x00, 0x01, 0x27, 0x17, 0x23, 0x37, 0x07,
    0x27, 0x37, 0x27, 0x37, 0x17, 0x27, 0x33, 0x07, 0x37, 0x17, 0x07, 0x17, 0x01, 0x5A, 0x5F, 0x08,
    0x44, 0x08, 0x5F, 0x22, 0x66, 0x66, 0x22, 0x5E, 0x07, 0x44, 0x07, 0x5E, 0x22, 0x67, 0x67, 0x01,
    0xAE, 0x40, 0x72, 0x73, 0x40, 0x3A, 0x33, 0x32, 0x3B, 0x3F, 0x71, 0x71, 0x3E, 0x3A, 0x32, 0x33,
    0x00, 0x01, 0x00, 0x3E, 0x00, 0x73, 0x02, 0x16, 0x02, 0x4B, 0x00, 0x0B, 0x00, 0x00, 0x13, 0x33,
    0x15, 0x33, 0x15, 0x23, 0x15, 0x23, 0x35, 0x23, 0x35, 0x33, 0xF9, 0x62, 0xBB, 0xBB, 0x62, 0xBB,
    0xBB, 0x02, 0x4B, 0xBD, 0x5E, 0xBD, 0xBD, 0x5E, 0x00, 0x01, 0x00, 0x2D, 0xFF, 0x97, 0x00, 0xC2,
    0x00, 0x8C, 0x00, 0x0A, 0x00, 0x00, 0x17, 0x37, 0x26, 0x35, 0x34, 0x36, 0x32, 0x16, 0x14, 0x0F,
    0x01, 0x31, 0x25, 0x29, 0x2C, 0x3C, 0x2D, 0x1B, 0x3C, 0x69, 0x68, 0x13, 0x2F, 0x20, 0x2B, 0x2B,
    0x3C, 0x2B, 0x63, 0x00, 0x00, 0x01, 0x00, 0x32, 0x00, 0xF6, 0x01, 0x7E, 0x01, 0x5F, 0x00, 0x03,
    0x00, 0x00, 0x37, 0x35, 0x21, 0x15, 0x32, 0x01, 0x4C, 0xF6, 0x69, 0x69, 0x00, 0x01, 0x00, 0x1E,
    0xFF, 0xF8, 0x00, 0xB3, 0x00, 0x8D, 0x00, 0x07, 0x00, 0x00, 0x36, 0x34, 0x36, 0x32, 0x16, 0x14,
    0x06, 0x22, 0x1E, 0x2B, 0x3E, 0x2C, 0x2C, 0x3E, 0x24, 0x3E, 0x2B, 0x2B, 0x3E, 0x2C, 0x00, 0x00,
    0x00, 0x01, 0x00, 0x1B, 0xFF, 0x8B, 0x02, 0x30, 0x03, 0x2B, 0x00, 0x03, 0x00, 0x00, 0x01, 0x33,
    0x01, 0x23, 0x01, 0xCC, 0x64, 0xFE, 0x4F, 0x64, 0x03, 0x2B, 0xFC, 0x60, 0x00, 0x02, 0x00, 0x17,
    0xFF, 0xF8, 0x02, 0x51, 0x02, 0xCC, 0x00, 0x07, 0x00, 0x0F, 0x00, 0x00, 0x12, 0x14, 0x16, 0x32,
    0x36, 0x34, 0x26, 0x22, 0x02, 0x10, 0x36, 0x20, 0x16, 0x10, 0x06, 0x20, 0x89, 0x53, 0xB0, 0x51,
    0x51, 0xB0, 0xC5, 0x8E, 0x01, 0x1E, 0x8E, 0x8E, 0xFE, 0xE2, 0x01, 0xD7, 0xEA, 0x90, 0x8F, 0xEC,
    0x8F, 0xFE, 0x56, 0x01, 0x4A, 0xC5, 0xC5, 0xFE, 0xB6, 0xC5, 0x00, 0x00, 0x00, 0x01, 0x00, 0x5C,
    0x00, 0x00, 0x01, 0x5A, 0x02, 0xBB, 0x00, 0x05, 0x00, 0x00, 0x13, 0x33, 0x11, 0x23, 0x11, 0x23,
    0x5C, 0xFE, 0x70, 0x8E, 0x02, 0xBB, 0xFD, 0x45, 0x02, 0x52, 0x00, 0x00, 0x00, 0x01, 0x00, 0x3C,
    0x00, 0x00, 0x02, 0x22, 0x02, 0xCC, 0x00, 0x15, 0x00, 0x00, 0x00, 0x36, 0x34, 0x26, 0x23, 0x22,
    0x07, 0x27, 0x3E, 0x01, 0x32, 0x16, 0x15, 0x14, 0x06, 0x0F, 0x01, 0x21, 0x15, 0x21, 0x35, 0x37,
    0x01, 0x5F, 0x3C, 0x40, 0x31, 0x56, 0x39, 0x5F, 0x2E, 0x6F, 0xAF, 0x84, 0x38, 0x4B, 0xA4, 0x01,
    0x3D, 0xFE, 0x22, 0xD4, 0x01, 0x81, 0x52, 0x54, 0x3B, 0x58, 0x37, 0x45, 0x46, 0x6F, 0x60, 0x36,
    0x62, 0x4D, 0xA7, 0x71, 0x64, 0xD5, 0x00, 0x00, 0x00, 0x01, 0x00, 0x38, 0xFF, 0xF7, 0x02, 0x1A,
    0x02, 0xBB, 0x00, 0x17, 0x00, 0x00, 0x01, 0x23, 0x35, 0x21, 0x15, 0x07, 0x1E, 0x01, 0x15, 0x14,
    0x06, 0x22, 0x27, 0x37, 0x16, 0x33, 0x32, 0x36, 0x34, 0x26, 0x23, 0x22, 0x07, 0x35, 0x01, 0x5B,
    0xFD, 0x01, 0x99, 0xA9, 0x60, 0x6C, 0x91, 0xE4, 0x6D, 0x32, 0x56, 0x5E, 0x3D, 0x4F, 0x58, 0x4E,
    0x27, 0x24, 0x02, 0x52, 0x69, 0x5C, 0xBD, 0x03, 0x73, 0x50, 0x6B, 0x7A, 0x49, 0x5F, 0x3C, 0x39,
    0x6B, 0x40, 0x0B, 0x5A, 0x00, 0x01, 0x00, 0x32, 0x00, 0x00, 0x02, 0x22, 0x02, 0xBB, 0x00, 0x0E,
    0x00, 0x00, 0x13, 0x33, 0x35, 0x33, 0x15, 0x33, 0x15, 0x23, 0x15, 0x23, 0x35, 0x21, 0x35, 0x01,
    0x33, 0xB7, 0xA7, 0x70, 0x54, 0x54, 0x70, 0xFE, 0xD4, 0x01, 0x01, 0x81, 0x01, 0x1B, 0x80, 0x80,
    0x6B, 0xB0, 0xB0, 0x68, 0x01, 0xA3, 0x00, 0x00, 0x00, 0x01, 0x00, 0x41, 0xFF, 0xF8, 0x02, 0x22,
    0x02, 0xBC, 0x00, 0x18, 0x00, 0x00, 0x01, 0x15, 0x21, 0x15, 0x36, 0x33, 0x32, 0x16, 0x14, 0x06,
    0x23, 0x22, 0x27, 0x37, 0x1E, 0x02, 0x32, 0x36, 0x34, 0x26, 0x22, 0x07, 0x27, 0x11, 0x01, 0xF5,
    0xFE, 0xD9, 0x2C, 0x38, 0x62, 0x8E, 0x94, 0x6C, 0x8D, 0x54, 0x3F, 0x08, 0x1B, 0x54, 0x64, 0x52,
    0x57, 0x85, 0x3C, 0x32, 0x02, 0xBC, 0x6B, 0xAC, 0x18, 0x76, 0xCA, 0x85, 0x5E, 0x56, 0x08, 0x16,
    0x25, 0x3C, 0x73, 0x3F, 0x21, 0x36, 0x01, 0x50, 0x00, 0x02, 0x00, 0x31, 0xFF, 0xF8, 0x02, 0x2E,
    0x02, 0xC8, 0x00, 0x17, 0x00, 0x1F, 0x00, 0x00, 0x01, 0x07, 0x2E, 0x01, 0x23, 0x22, 0x06, 0x07,
    0x3E, 0x01, 0x33, 0x32, 0x16, 0x14, 0x06, 0x23, 0x22, 0x27, 0x26, 0x34, 0x36, 0x37, 0x36, 0x32,
    0x02, 0x06, 0x14, 0x16, 0x32, 0x36, 0x34, 0x26, 0x02, 0x14, 0x3B, 0x17, 0x4D, 0x1E, 0x5D, 0x58,
    0x01, 0x19, 0x5E, 0x39, 0x5E, 0x7F, 0x89, 0x68, 0xA8, 0x3F, 0x25, 0x2E, 0x28, 0x4E, 0xE3, 0xB3,
    0x51, 0x4E, 0x76, 0x4E, 0x48, 0x02, 0x81, 0x57, 0x14, 0x20, 0x7E, 0x6B, 0x1C, 0x31, 0x7D, 0xCF,
    0x7E, 0x96, 0x56, 0xD8, 0x90, 0x2A, 0x52, 0xFE, 0x92, 0x43, 0x6B, 0x4D, 0x45, 0x6B, 0x4B, 0x00,
    0x00, 0x01, 0x00, 0x41, 0x00, 0x00, 0x02, 0x2D, 0x02, 0xBB, 0x00, 0x08, 0x00, 0x00, 0x13, 0x35,
    0x21, 0x15, 0x01, 0x23, 0x01, 0x23, 0x15, 0x41, 0x01, 0xEC, 0xFE, 0xD8, 0x82, 0x01, 0x21, 0xF8,
    0x01, 0xF2, 0xC9, 0x69, 0xFD, 0xAE, 0x02, 0x50, 0x5E, 0x00, 0x00, 0x00, 0x00, 0x03, 0x00, 0x2C,
    0xFF, 0xF8, 0x02, 0x36, 0x02, 0xC9, 0x00, 0x0F, 0x00, 0x17, 0x00, 0x1F, 0x00, 0x00, 0x12, 0x32,
    0x16, 0x14, 0x07, 0x16, 0x15, 0x14, 0x06, 0x22, 0x26, 0x35, 0x34, 0x37, 0x26, 0x34, 0x12, 0x32,
    0x36, 0x34, 0x26, 0x22, 0x06, 0x14, 0x12, 0x32, 0x36, 0x34, 0x26, 0x22, 0x06, 0x14, 0xCC, 0xCA,
    0x86, 0x4B, 0x65, 0x90, 0xEA, 0x90, 0x65, 0x4B, 0xB7, 0x68, 0x5C, 0x58, 0x70, 0x58, 0x5D, 0x66,
    0x4B, 0x4B, 0x66, 0x4B, 0x02, 0xC9, 0x6A, 0xA1, 0x3E, 0x40, 0x74, 0x5A, 0x7A, 0x7A, 0x5A, 0x74,
    0x40, 0x3E, 0xA1, 0xFD, 0xFF, 0x3B, 0x6E, 0x3C, 0x3C, 0x6E, 0x01, 0x02, 0x3D, 0x59, 0x3C, 0x3C,
    0x59, 0x00, 0x00, 0x00, 0x00, 0x02, 0x00, 0x31, 0xFF, 0xF8, 0x02, 0x2E, 0x02, 0xC8, 0x00, 0x17,
    0x00, 0x1F, 0x00, 0x00, 0x3F, 0x01, 0x1E, 0x01, 0x33, 0x32, 0x36, 0x37, 0x0E, 0x01, 0x23, 0x22,
    0x26, 0x34, 0x36, 0x33, 0x32, 0x17, 0x16, 0x14, 0x06, 0x07, 0x06, 0x22, 0x12, 0x36, 0x34, 0x26,
    0x22, 0x06, 0x14, 0x16, 0x4B, 0x3B, 0x17, 0x4D, 0x1E, 0x5D, 0x58, 0x01, 0x19, 0x5E, 0x39, 0x5E,
    0x7F, 0x89, 0x68, 0xA8, 0x40, 0x24, 0x2E, 0x28, 0x4E, 0xE3, 0xB3, 0x51, 0x4E, 0x75, 0x4C, 0x45,
    0x3F, 0x57, 0x14, 0x20, 0x7E, 0x6B, 0x1C, 0x31, 0x7D, 0xCF, 0x7E, 0x96, 0x56, 0xD8, 0x90, 0x2A,
    0x52, 0x01, 0x6E, 0x43, 0x6B, 0x4D, 0x45, 0x6C, 0x4A, 0x00, 0x00, 0x00, 0x00, 0x02, 0x00, 0x1E,
    0xFF, 0xF8, 0x00, 0xB3, 0x01, 0x82, 0x00, 0x07, 0x00, 0x0F, 0x00, 0x00, 0x36, 0x34, 0x36, 0x32,
    0x16, 0x14, 0x06, 0x22, 0x02, 0x34, 0x36, 0x32, 0x16, 0x14, 0x06, 0x22, 0x1E, 0x2B, 0x3E, 0x2C,
    0x2C, 0x3E, 0x2B, 0x2B, 0x3E, 0x2C, 0x2C, 0x3E, 0x24, 0x3E, 0x2B, 0x2B, 0x3E, 0x2C, 0x01, 0x21,
    0x3E, 0x2B, 0x2B, 0x3E, 0x2C, 0x00, 0x00, 0x00, 0x00, 0x02, 0x00, 0x2D, 0xFF, 0x97, 0x00, 0xC3,
    0x01, 0x82, 0x00, 0x0A, 0x00, 0x12, 0x00, 0x00, 0x17, 0x37, 0x26, 0x35, 0x34, 0x36, 0x32, 0x16,
    0x14, 0x0F, 0x01, 0x02, 0x34, 0x36, 0x32, 0x16, 0x14, 0x06, 0x22, 0x31, 0x25, 0x29, 0x2C, 0x3D,
    0x2D, 0x1B, 0x3D, 0x3E, 0x2B, 0x3E, 0x2C, 0x2C, 0x3E, 0x69, 0x68, 0x15, 0x2E, 0x20, 0x2B, 0x2B,
    0x3A, 0x2E, 0x63, 0x01, 0x82, 0x3E, 0x2B, 0x2B, 0x3E, 0x2C, 0x00, 0x00, 0x00, 0x01, 0x00, 0x4B,
    0x00, 0x75, 0x02, 0x22, 0x02, 0xA6, 0x00, 0x07, 0x00, 0x00, 0x13, 0x35, 0x25, 0x15, 0x05, 0x15,
    0x05, 0x15, 0x4B, 0x01, 0xD7, 0xFE, 0xA0, 0x01, 0x60, 0x01, 0x4E, 0x7E, 0xDA, 0x72, 0x9F, 0x0B,
    0xA3, 0x72, 0x00, 0x00, 0x00, 0x02, 0x00, 0x2D, 0x00, 0xE1, 0x02, 0x25, 0x02, 0x1C, 0x00, 0x03,
    0x00, 0x07, 0x00, 0x00, 0x13, 0x21, 0x15, 0x21, 0x15, 0x21, 0x15, 0x21, 0x2D, 0x01, 0xF8, 0xFE,
    0x08, 0x01, 0xF8, 0xFE, 0x08, 0x02, 0x1C, 0x6C, 0x63, 0x6C, 0x00, 0x00, 0x00, 0x01, 0x00, 0x5F,
    0x00, 0x75, 0x02, 0x36, 0x02, 0xA6, 0x00, 0x07, 0x00, 0x00, 0x01, 0x15, 0x05, 0x35, 0x25, 0x35,
    0x25, 0x35, 0x02, 0x36, 0xFE, 0x29, 0x01, 0x60, 0xFE, 0xA0, 0x01, 0xCC, 0x7E, 0xD9, 0x72, 0xA3,
    0x0B, 0x9F, 0x72, 0x00, 0x00, 0x02, 0x00, 0x32, 0xFF, 0xFB, 0x01, 0xD5, 0x02, 0xCA, 0x00, 0x1B,
    0x00, 0x23, 0x00, 0x00, 0x25, 0x23, 0x35, 0x34, 0x36, 0x3F, 0x01, 0x36, 0x34, 0x26, 0x22, 0x06,
    0x07, 0x23, 0x3E, 0x01, 0x32, 0x16, 0x15, 0x14, 0x07, 0x0E, 0x03, 0x07, 0x06, 0x15, 0x02, 0x26,
    0x34, 0x36, 0x32, 0x16, 0x14, 0x06, 0x01, 0x3C, 0x71, 0x13, 0x20, 0x49, 0x17, 0x30, 0x4C, 0x33,
    0x04, 0x79, 0x0A, 0x77, 0xB2, 0x70, 0x21, 0x13, 0x14, 0x21, 0x17, 0x07, 0x12, 0x56, 0x2E, 0x2D,
    0x3F, 0x2E, 0x2D, 0xD9, 0x3D, 0x28, 0x27, 0x20, 0x49, 0x19, 0x4A, 0x31, 0x2F, 0x27, 0x59, 0x65,
    0x61, 0x57, 0x3C, 0x28, 0x18, 0x14, 0x1F, 0x17, 0x08, 0x16, 0x28, 0xFE, 0xF5, 0x2B, 0x3D, 0x2C,
    0x2B, 0x3D, 0x2C, 0x00, 0x00, 0x02, 0x00, 0x6E, 0xFF, 0x82, 0x03, 0x94, 0x02, 0xA1, 0x00, 0x2B,
    0x00, 0x33, 0x00, 0x00, 0x05, 0x17, 0x0E, 0x01, 0x23, 0x22, 0x26, 0x10, 0x36, 0x20, 0x16, 0x15,
    0x14, 0x06, 0x23, 0x22, 0x26, 0x27, 0x06, 0x23, 0x22, 0x26, 0x34, 0x36, 0x33, 0x32, 0x16, 0x17,
    0x35, 0x33, 0x11, 0x14, 0x33, 0x32, 0x36, 0x35, 0x34, 0x26, 0x20, 0x06, 0x10, 0x16, 0x33, 0x32,
    0x12, 0x26, 0x22, 0x06, 0x14, 0x16, 0x32, 0x36, 0x02, 0xB1, 0x16, 0x23, 0x74, 0x37, 0xA8, 0xE3,
    0xEE, 0x01, 0x51, 0xE7, 0x52, 0x44, 0x31, 0x3A, 0x02, 0x38, 0x7B, 0x56, 0x83, 0x7C, 0x66, 0x2E,
    0x52, 0x12, 0x60, 0x37, 0x1F, 0x33, 0xC1, 0xFE, 0xCF, 0xD6, 0xCA, 0x95, 0x78, 0x09, 0x4C, 0x7A,
    0x4A, 0x49, 0x7E, 0x49, 0x16, 0x25, 0x1E, 0x25, 0xE0, 0x01, 0x50, 0xEF, 0xEF, 0xAC, 0x6C, 0x85,
    0x43, 0x3E, 0x81, 0x8A, 0xD4, 0x90, 0x30, 0x21, 0x43, 0xFE, 0xA3, 0x46, 0x5B, 0x4A, 0xA0, 0xDE,
    0xD6, 0xFE, 0xD6, 0xC7, 0x01, 0xA0, 0x54, 0x56, 0x7D, 0x5D, 0x5B, 0x00, 0x00, 0x02, 0x00, 0x14,
    0x00, 0x00, 0x02, 0xEE, 0x02, 0xBB, 0x00, 0x07, 0x00, 0x0A, 0x00, 0x00, 0x09, 0x01, 0x23, 0x27,
    0x21, 0x07, 0x23, 0x01, 0x13, 0x0B, 0x01, 0x01, 0xBA, 0x01, 0x34, 0x82, 0x47, 0xFE, 0xB1, 0x44,
    0x7E, 0x01, 0x34, 0xAE, 0x78, 0x77, 0x02, 0xBB, 0xFD, 0x45, 0x9F, 0x9F, 0x02, 0xBB, 0xFE, 0x51,
    0x01, 0x0D, 0xFE, 0xF3, 0x00, 0x03, 0x00, 0x64, 0x00, 0x00, 0x02, 0x92, 0x02, 0xBB, 0x00, 0x13,
    0x00, 0x1B, 0x00, 0x23, 0x00, 0x00, 0x29, 0x01, 0x11, 0x21, 0x32, 0x16, 0x17, 0x16, 0x15, 0x14,
    0x07, 0x0E, 0x01, 0x07, 0x1E, 0x01, 0x15, 0x14, 0x07, 0x06, 0x01, 0x33, 0x32, 0x35, 0x34, 0x26,
    0x2B, 0x01, 0x11, 0x33, 0x32, 0x36, 0x35, 0x34, 0x2B, 0x01, 0x01, 0x96, 0xFE, 0xCE, 0x01, 0x10,
    0x47, 0x67, 0x1A, 0x2F, 0x35, 0x12, 0x0E, 0x12, 0x41, 0x4D, 0x32, 0x3A, 0xFE, 0xB4, 0x96, 0x80,
    0x3E, 0x41, 0x97, 0xB9, 0x41, 0x45, 0x95, 0xAA, 0x02, 0xBB, 0x22, 0x1D, 0x36, 0x44, 0x52, 0x28,
    0x0E, 0x07, 0x08, 0x0E, 0x59, 0x42, 0x49, 0x38, 0x41, 0x01, 0x99, 0x57, 0x32, 0x2C, 0xFE, 0x1F,
    0x29, 0x39, 0x5D, 0x00, 0x00, 0x01, 0x00, 0x30, 0xFF, 0xF8, 0x02, 0xB7, 0x02, 0xCC, 0x00, 0x13,
    0x00, 0x00, 0x25, 0x32, 0x36, 0x37, 0x17, 0x06, 0x20, 0x26, 0x10, 0x36, 0x20, 0x17, 0x07, 0x2E,
    0x01, 0x23, 0x22, 0x06, 0x14, 0x16, 0x01, 0x9C, 0x3D, 0x58, 0x30, 0x4C, 0x6F, 0xFE, 0xC3, 0xD1,
    0xD5, 0x01, 0x45, 0x6D, 0x4B, 0x32, 0x59, 0x3C, 0x6A, 0x90, 0x8F, 0x6B, 0x29, 0x2D, 0x4E, 0x7B,
    0xCC, 0x01, 0x38, 0xD0, 0x78, 0x52, 0x30, 0x26, 0x89, 0xD5, 0x8F, 0x00, 0x00, 0x02, 0x00, 0x6E,
    0x00, 0x00, 0x02, 0xE4, 0x02, 0xBB, 0x00, 0x07, 0x00, 0x0F, 0x00, 0x00, 0x00, 0x16, 0x10, 0x06,
    0x2B, 0x01, 0x11, 0x33, 0x01, 0x34, 0x21, 0x23, 0x11, 0x33, 0x32, 0x36, 0x02, 0x1A, 0xCA, 0xC4,
    0xCA, 0xE8, 0xF0, 0x01, 0x0F, 0xFE, 0xED, 0x76, 0x83, 0x7F, 0x87, 0x02, 0xBB, 0xB7, 0xFE, 0xBA,
    0xBE, 0x02, 0xBB, 0xFE, 0xA3, 0xF0, 0xFE, 0x21, 0x79, 0x00, 0x00, 0x00, 0x00, 0x01, 0x00, 0x6E,
    0x00, 0x00, 0x02, 0x65, 0x02, 0xBB, 0x00, 0x0B, 0x00, 0x00, 0x01, 0x15, 0x21, 0x15, 0x21, 0x15,
    0x21, 0x15, 0x21, 0x15, 0x21, 0x11, 0x02, 0x59, 0xFE, 0x8B, 0x01, 0x4F, 0xFE, 0xB1, 0x01, 0x81,
    0xFE, 0x09, 0x02, 0xBB, 0x6F, 0xB9, 0x69, 0xBB, 0x6F, 0x02, 0xBB, 0x00, 0x00, 0x01, 0x00, 0x6E,
    0x00, 0x00, 0x02, 0x40, 0x02, 0xBB, 0x00, 0x09, 0x00, 0x00, 0x01, 0x07, 0x21, 0x15, 0x21, 0x15,
    0x21, 0x11, 0x23, 0x11, 0x02, 0x40, 0x01, 0xFE, 0xA5, 0x01, 0x4A, 0xFE, 0xB6, 0x76, 0x02, 0xBB,
    0x6E, 0xC0, 0x6D, 0xFE, 0xE0, 0x02, 0xBB, 0x00, 0x00, 0x01, 0x00, 0x30, 0xFF, 0xF8, 0x02, 0xB7,
    0x02, 0xCC, 0x00, 0x14, 0x00, 0x00, 0x01, 0x33, 0x15, 0x06, 0x23, 0x22, 0x26, 0x10, 0x36, 0x20,
    0x17, 0x07, 0x2E, 0x01, 0x23, 0x22, 0x06, 0x14, 0x16, 0x32, 0x37, 0x02, 0x41, 0x76, 0x63, 0xB8,
    0x9B, 0xD1, 0xD5, 0x01, 0x2E, 0x64, 0x3F, 0x29, 0x53, 0x37, 0x6A, 0x90, 0x8C, 0xC7, 0x43, 0x01,
    0x54, 0xEF, 0x6D, 0xCC, 0x01, 0x38, 0xD0, 0x58, 0x5A, 0x23, 0x1B, 0x89, 0xDF, 0x87, 0x2B, 0x00,
    0x00, 0x01, 0x00, 0x6E, 0x00, 0x00, 0x02, 0xB5, 0x02, 0xBB, 0x00, 0x0B, 0x00, 0x00, 0x33, 0x11,
    0x33, 0x11, 0x21, 0x11, 0x33, 0x11, 0x23, 0x11, 0x21, 0x11, 0x6E, 0x76, 0x01, 0x5B, 0x76, 0x76,
    0xFE, 0xA5, 0x02, 0xBB, 0xFE, 0xD1, 0x01, 0x2F, 0xFD, 0x45, 0x01, 0x1E, 0xFE, 0xE2, 0x00, 0x00,
    0x00, 0x01, 0x00, 0x6E, 0x00, 0x00, 0x00, 0xE4, 0x02, 0xBB, 0x00, 0x03, 0x00, 0x00, 0x13, 0x33,
    0x11, 0x23, 0x6E, 0x76, 0x76, 0x02, 0xBB, 0xFD, 0x45, 0x00, 0x00, 0x00, 0x00, 0x01, 0x00, 0x40,
    0xFF, 0xFA, 0x01, 0xED, 0x02, 0xBB, 0x00, 0x0F, 0x00, 0x00, 0x13, 0x35, 0x21, 0x11, 0x14, 0x06,
    0x23, 0x22, 0x27, 0x37, 0x16, 0x33, 0x32, 0x36, 0x35, 0x11, 0x99, 0x01, 0x54, 0x7C, 0x61, 0x7A,
    0x56, 0x43, 0x44, 0x41, 0x2E, 0x41, 0x02, 0x51, 0x6A, 0xFE, 0x33, 0x7A, 0x7A, 0x56, 0x5D, 0x41,
    0x3E, 0x3E, 0x01, 0x69, 0x00, 0x01, 0x00, 0x6E, 0x00, 0x00, 0x02, 0xBE, 0x02, 0xBB, 0x00, 0x0B,
    0x00, 0x00, 0x13, 0x33, 0x11, 0x01, 0x33, 0x09, 0x01, 0x23, 0x03, 0x07, 0x15, 0x23, 0x6E, 0x76,
    0x01, 0x40, 0x96, 0xFE, 0xE7, 0x01, 0x1D, 0x8C, 0xE8, 0x66, 0x76, 0x02, 0xBB, 0xFE, 0xAB, 0x01,
    0x55, 0xFE, 0xCE, 0xFE, 0x77, 0x01, 0x32, 0x6E, 0xC4, 0x00, 0x00, 0x00, 0x00, 0x01, 0x00, 0x6E,
    0x00, 0x00, 0x02, 0x23, 0x02, 0xBB, 0x00, 0x05, 0x00, 0x00, 0x33, 0x11, 0x33, 0x11, 0x21, 0x15,
    0x6E, 0x76, 0x01, 0x3F, 0x02, 0xBB, 0xFD, 0xB5, 0x70, 0x00, 0x00, 0x00, 0x00, 0x01, 0x00, 0x6E,
    0x00, 0x00, 0x03, 0x83, 0x02, 0xBB, 0x00, 0x0C, 0x00, 0x00, 0x25, 0x03, 0x11, 0x23, 0x11, 0x33,
    0x1B, 0x01, 0x33, 0x11, 0x23, 0x11, 0x03, 0x01, 0xD7, 0xF3, 0x76, 0xB8, 0xD3, 0xD3, 0xB7, 0x76,
    0xF4, 0x3D, 0x01, 0xE5, 0xFD, 0xDE, 0x02, 0xBB, 0xFE, 0x49, 0x01, 0xB7, 0xFD, 0x45, 0x02, 0x22,
    0xFE, 0x1B, 0x00, 0x00, 0x00, 0x01, 0x00, 0x6E, 0x00, 0x00, 0x02, 0xF0, 0x02, 0xBB, 0x00, 0x09,
    0x00, 0x00, 0x25, 0x11, 0x33, 0x11, 0x23, 0x01, 0x11, 0x23, 0x11, 0x33, 0x02, 0x7A, 0x76, 0x80,
    0xFE, 0x74, 0x76, 0x76, 0xB1, 0x02, 0x0A, 0xFD, 0x45, 0x01, 0xFE, 0xFE, 0x02, 0x02, 0xBB, 0x00,
    0x00, 0x02, 0x00, 0x30, 0xFF, 0xF9, 0x03, 0x10, 0x02, 0xCC, 0x00, 0x07, 0x00, 0x0F, 0x00, 0x00,
    0x00, 0x22, 0x06, 0x14, 0x16, 0x32, 0x36, 0x34, 0x02, 0x20, 0x26, 0x10, 0x36, 0x20, 0x16, 0x10,
    0x02, 0x08, 0xD0, 0x8F, 0x8F, 0xD0, 0x8F, 0x5B, 0xFE, 0xC8, 0xD4, 0xD4, 0x01, 0x38, 0xD4, 0x02,
    0x60, 0x94, 0xD3, 0x94, 0x94, 0xD3, 0xFE, 0x2D, 0xCF, 0x01, 0x35, 0xCF, 0xCF, 0xFE, 0xCB, 0x00,
    0x00, 0x02, 0x00, 0x6E, 0x00, 0x00, 0x02, 0x8F, 0x02, 0xBB, 0x00, 0x09, 0x00, 0x11, 0x00, 0x00,
    0x00, 0x16, 0x14, 0x06, 0x2B, 0x01, 0x15, 0x23, 0x11, 0x33, 0x12, 0x36, 0x34, 0x26, 0x2B, 0x01,
    0x11, 0x33, 0x01, 0xFD, 0x92, 0x95, 0x9A, 0x7C, 0x76, 0xF0, 0x71, 0x47, 0x5A, 0x60, 0x78, 0x89,
    0x02, 0xBB, 0x7A, 0xFE, 0x76, 0xCD, 0x02, 0xBB, 0xFE, 0x7D, 0x4B, 0x91, 0x3C, 0xFE, 0xE8, 0x00,
    0x00, 0x02, 0x00, 0x30, 0xFF, 0x73, 0x03, 0x44, 0x02, 0xCC, 0x00, 0x15, 0x00, 0x1D, 0x00, 0x00,
    0x05, 0x07, 0x22, 0x26, 0x10, 0x36, 0x20, 0x16, 0x15, 0x14, 0x06, 0x07, 0x16, 0x33, 0x32, 0x36,
    0x37, 0x17, 0x06, 0x23, 0x22, 0x26, 0x12, 0x22, 0x06, 0x14, 0x16, 0x32, 0x36, 0x34, 0x01, 0xAF,
    0x0F, 0x9C, 0xD4, 0xD4, 0x01, 0x38, 0xD4, 0x7E, 0x69, 0x22, 0x34, 0x26, 0x49, 0x13, 0x43, 0x57,
    0x70, 0x40, 0x76, 0x41, 0xD0, 0x8F, 0x8F, 0xD0, 0x8F, 0x06, 0x01, 0xCF, 0x01, 0x35, 0xCF, 0xCF,
    0x9A, 0x75, 0xB5, 0x28, 0x2D, 0x28, 0x20, 0x5D, 0x5C, 0x48, 0x02, 0xA5, 0x94, 0xD3, 0x94, 0x94,
    0xD3, 0x00, 0x00, 0x00, 0x00, 0x02, 0x00, 0x6E, 0x00, 0x00, 0x02, 0xBC, 0x02, 0xBB, 0x00, 0x0C,
    0x00, 0x14, 0x00, 0x00, 0x01, 0x14, 0x07, 0x17, 0x23, 0x27, 0x23, 0x15, 0x23, 0x11, 0x21, 0x32,
    0x16, 0x06, 0x36, 0x34, 0x26, 0x2B, 0x01, 0x15, 0x33, 0x02, 0x9C, 0x97, 0xB7, 0x96, 0xA7, 0x9B,
    0x76, 0x01, 0x04, 0xA0, 0x8A, 0xC1, 0x48, 0x4A, 0x5F, 0x96, 0x93, 0x01, 0xD8, 0xAD, 0x2D, 0xFE,
    0xEB, 0xEB, 0x02, 0xBB, 0x6C, 0xF9, 0x3E, 0x89, 0x33, 0xFA, 0x00, 0x00, 0x00, 0x01, 0x00, 0x3C,
    0xFF, 0xF8, 0x02, 0x59, 0x02, 0xCC, 0x00, 0x1D, 0x00, 0x00, 0x00, 0x06, 0x14, 0x1E, 0x02, 0x14,
    0x06, 0x23, 0x22, 0x27, 0x37, 0x16, 0x33, 0x32, 0x36, 0x34, 0x2E, 0x02, 0x27, 0x26, 0x34, 0x36,
    0x33, 0x32, 0x17, 0x07, 0x26, 0x23, 0x01, 0x11, 0x3E, 0x42, 0xD7, 0x6D, 0x8A, 0x70, 0xA4, 0x7F,
    0x4A, 0x6A, 0x72, 0x39, 0x43, 0x3F, 0x9A, 0x50, 0x1F, 0x3E, 0x86, 0x69, 0x8E, 0x72, 0x42, 0x56,
    0x6A, 0x02, 0x5F, 0x31, 0x4E, 0x2D, 0x34, 0x5E, 0xB7, 0x72, 0x71, 0x59, 0x5C, 0x31, 0x51, 0x2D,
    0x25, 0x1F, 0x19, 0x2F, 0xBA, 0x71, 0x4F, 0x5E, 0x40, 0x00, 0x00, 0x00, 0x00, 0x01, 0x00, 0x37,
    0x00, 0x00, 0x02, 0x55, 0x02, 0xBB, 0x00, 0x07, 0x00, 0x00, 0x01, 0x11, 0x23, 0x11, 0x23, 0x35,
    0x21, 0x15, 0x01, 0x81, 0x76, 0xD4, 0x02, 0x1E, 0x02, 0x4F, 0xFD, 0xB1, 0x02, 0x4F, 0x6C, 0x6C,
    0x00, 0x01, 0x00, 0x5A, 0xFF, 0xF5, 0x02, 0xA8, 0x02, 0xBC, 0x00, 0x0F, 0x00, 0x00, 0x01, 0x11,
    0x14, 0x06, 0x22, 0x26, 0x35, 0x11, 0x33, 0x11, 0x14, 0x16, 0x32, 0x36, 0x35, 0x11, 0x02, 0xA8,
    0xA6, 0xFD, 0xAB, 0x77, 0x5F, 0xA4, 0x5E, 0x02, 0xBC, 0xFE, 0x73, 0x97, 0xA3, 0xA3, 0x91, 0x01,
    0x93, 0xFE, 0x7D, 0x62, 0x73, 0x6F, 0x61, 0x01, 0x88, 0x00, 0x00, 0x00, 0x00, 0x01, 0x00, 0x28,
    0x00, 0x00, 0x02, 0xDA, 0x02, 0xBB, 0x00, 0x06, 0x00, 0x00, 0x1B, 0x02, 0x33, 0x01, 0x23, 0x01,
    0xAC, 0xD8, 0xD5, 0x81, 0xFE, 0xE7, 0x7F, 0xFE, 0xE6, 0x02, 0xBB, 0xFD, 0xF0, 0x02, 0x10, 0xFD,
    0x45, 0x02, 0xBB, 0x00, 0x00, 0x01, 0x00, 0x0A, 0x00, 0x01, 0x04, 0x0A, 0x02, 0xBB, 0x00, 0x0D,
    0x00, 0x00, 0x25, 0x13, 0x33, 0x1B, 0x01, 0x33, 0x03, 0x23, 0x03, 0x23, 0x03, 0x23, 0x03, 0x33,
    0x01, 0x39, 0x9C, 0x6A, 0x9D, 0xAF, 0x7F, 0xF4, 0x75, 0x93, 0x08, 0x93, 0x75, 0xF4, 0x7F, 0xC4,
    0x01, 0xF7, 0xFE, 0x09, 0x01, 0xF7, 0xFD, 0x46, 0x01, 0xDE, 0xFE, 0x22, 0x02, 0xBA, 0x00, 0x00,
    0x00, 0x01, 0x00, 0x2D, 0x00, 0x00, 0x02, 0xB3, 0x02, 0xBB, 0x00, 0x0D, 0x00, 0x00, 0x01, 0x33,
    0x03, 0x13, 0x23, 0x03, 0x23, 0x03, 0x23, 0x13, 0x03, 0x33, 0x17, 0x33, 0x02, 0x0C, 0x94, 0xDE,
    0xF1, 0x96, 0xAD, 0x04, 0xAC, 0x93, 0xF0, 0xDF, 0x92, 0x9C, 0x05, 0x02, 0xBB, 0xFE, 0xB0, 0xFE,
    0x95, 0x01, 0x07, 0xFE, 0xF9, 0x01, 0x67, 0x01, 0x54, 0xEC, 0x00, 0x00, 0x00, 0x01, 0x00, 0x19,
    0x00, 0x00, 0x02, 0x99, 0x02, 0xBB, 0x00, 0x08, 0x00, 0x00, 0x01, 0x13, 0x33, 0x01, 0x11, 0x23,
    0x11, 0x01, 0x33, 0x01, 0x59, 0xBF, 0x81, 0xFE, 0xFA, 0x76, 0xFE, 0xFC, 0x81, 0x01, 0x7D, 0x01,
    0x3E, 0xFE, 0x59, 0xFE, 0xEC, 0x01, 0x14, 0x01, 0xA7, 0x00, 0x00, 0x00, 0x00, 0x01, 0x00, 0x3C,
    0x00, 0x00, 0x02, 0x7D, 0x02, 0xBB, 0x00, 0x0B, 0x00, 0x00, 0x01, 0x21, 0x35, 0x21, 0x15, 0x01,
    0x15, 0x21, 0x15, 0x21, 0x35, 0x01, 0x01, 0xD3, 0xFE, 0x76, 0x02, 0x2E, 0xFE, 0x6A, 0x01, 0x9C,
    0xFD, 0xBF, 0x01, 0x97, 0x02, 0x4F, 0x6C, 0x5C, 0xFE, 0x11, 0x03, 0x6D, 0x5B, 0x01, 0xF1, 0x00,
    0x00, 0x01, 0x00, 0x4D, 0xFF, 0x74, 0x01, 0x2F, 0x02, 0xF5, 0x00, 0x07, 0x00, 0x00, 0x01, 0x15,
    0x23, 0x11, 0x33, 0x15, 0x23, 0x11, 0x01, 0x2F, 0x8A, 0x8A, 0xE2, 0x02, 0xF5, 0x54, 0xFD, 0x27,
    0x54, 0x03, 0x81, 0x00, 0x00, 0x01, 0x00, 0x71, 0x00, 0x00, 0x02, 0x41, 0x02, 0xF5, 0x00, 0x03,
    0x00, 0x00, 0x13, 0x33, 0x01, 0x23, 0x71, 0x64, 0x01, 0x6C, 0x64, 0x02, 0xF5, 0xFD, 0x0B, 0x00,
    0x00, 0x01, 0xFF, 0xD8, 0xFF, 0x74, 0x00, 0xBA, 0x02, 0xF5, 0x00, 0x07, 0x00, 0x00, 0x03, 0x35,
    0x33, 0x11, 0x23, 0x35, 0x33, 0x11, 0x28, 0xE2, 0xE2, 0x8A, 0x02, 0xA1, 0x54, 0xFC, 0x7F, 0x54,
    0x02, 0xD9, 0x00, 0x00, 0x00, 0x01, 0x00, 0x16, 0x02, 0xE6, 0x01, 0x6F, 0x03, 0x82, 0x00, 0x06,
    0x00, 0x00, 0x01, 0x27, 0x07, 0x23, 0x37, 0x33, 0x17, 0x01, 0x11, 0x4D, 0x4D, 0x61, 0x7A, 0x66,
    0x79, 0x02, 0xE6, 0x53, 0x53, 0x9C, 0x9C, 0x00, 0x00, 0x01, 0x00, 0x17, 0xFF, 0x76, 0x02, 0x59,
    0xFF, 0xAF, 0x00, 0x03, 0x00, 0x00, 0x17, 0x35, 0x21, 0x15, 0x17, 0x02, 0x42, 0x8A, 0x39, 0x39,
    0x00, 0x01, 0x01, 0x3C, 0x02, 0x58, 0x02, 0x1C, 0x02, 0xE9, 0x00, 0x03, 0x00, 0x00, 0x01, 0x23,
    0x27, 0x37, 0x02, 0x1C, 0x66, 0x7A, 0x76, 0x02, 0x58, 0x60, 0x31, 0x00, 0x00, 0x02, 0x00, 0x3C,
    0xFF, 0xF8, 0x02, 0x13, 0x02, 0x1C, 0x00, 0x15, 0x00, 0x1E, 0x00, 0x00, 0x21, 0x23, 0x35, 0x06,
    0x23, 0x22, 0x26, 0x34, 0x36, 0x3B, 0x01, 0x35, 0x34, 0x23, 0x22, 0x07, 0x27, 0x36, 0x33, 0x32,
    0x16, 0x15, 0x07, 0x35, 0x23, 0x22, 0x15, 0x14, 0x16, 0x32, 0x36, 0x02, 0x13, 0x66, 0x42, 0x6F,
    0x53, 0x6D, 0x74, 0x63, 0x91, 0x76, 0x4A, 0x50, 0x32, 0x61, 0x7B, 0x5E, 0x77, 0x70, 0x7E, 0x79,
    0x3C, 0x6B, 0x50, 0x47, 0x4F, 0x5E, 0x9D, 0x4E, 0x14, 0x6A, 0x36, 0x46, 0x4D, 0x5F, 0x66, 0x91,
    0x2D, 0x4C, 0x27, 0x29, 0x3C, 0x00, 0x00, 0x00, 0x00, 0x02, 0x00, 0x5A, 0xFF, 0xF8, 0x02, 0x7A,
    0x02, 0xE6, 0x00, 0x0B, 0x00, 0x13, 0x00, 0x00, 0x00, 0x16, 0x14, 0x06, 0x22, 0x27, 0x15, 0x23,
    0x11, 0x33, 0x11, 0x36, 0x02, 0x16, 0x32, 0x36, 0x34, 0x26, 0x22, 0x06, 0x01, 0xE2, 0x98, 0x97,
    0xC9, 0x50, 0x70, 0x70, 0x42, 0x44, 0x5C, 0x84, 0x62, 0x60, 0x86, 0x5C, 0x02, 0x1C, 0x94, 0xF6,
    0x9A, 0x58, 0x50, 0x02, 0xE6, 0xFE, 0xD1, 0x65, 0xFE, 0xA1, 0x61, 0x60, 0x99, 0x65, 0x65, 0x00,
    0x00, 0x01, 0x00, 0x3B, 0xFF, 0xF8, 0x02, 0x2A, 0x02, 0x1C, 0x00, 0x10, 0x00, 0x00, 0x25, 0x06,
    0x23, 0x22, 0x26, 0x34, 0x36, 0x32, 0x17, 0x07, 0x26, 0x22, 0x06, 0x14, 0x16, 0x32, 0x37, 0x02,
    0x2A, 0x61, 0x7F, 0x6F, 0xA0, 0xA7, 0xF0, 0x53, 0x42, 0x45, 0x8C, 0x67, 0x65, 0x96, 0x42, 0x5A,
    0x62, 0x97, 0xF4, 0x99, 0x53, 0x51, 0x3C, 0x5D, 0x93, 0x66, 0x44, 0x00, 0x00, 0x02, 0x00, 0x2F,
    0xFF, 0xF8, 0x02, 0x4F, 0x02, 0xE6, 0x00, 0x0C, 0x00, 0x14, 0x00, 0x00, 0x16, 0x26, 0x34, 0x36,
    0x32, 0x17, 0x11, 0x33, 0x11, 0x23, 0x35, 0x06, 0x23, 0x26, 0x16, 0x32, 0x36, 0x34, 0x26, 0x22,
    0x06, 0xC5, 0x96, 0x9A, 0xD5, 0x41, 0x70, 0x70, 0x3E, 0x77, 0x8B, 0x62, 0x84, 0x5C, 0x5C, 0x86,
    0x60, 0x08, 0x98, 0xF8, 0x94, 0x5A, 0x01, 0x24, 0xFD, 0x1A, 0x50, 0x58, 0xC3, 0x60, 0x61, 0x98,
    0x66, 0x66, 0x00, 0x00, 0x00, 0x02, 0x00, 0x3C, 0xFF, 0xF8, 0x02, 0x4D, 0x02, 0x1C, 0x00, 0x10,
    0x00, 0x16, 0x00, 0x00, 0x25, 0x21, 0x1E, 0x01, 0x33, 0x32, 0x37, 0x17, 0x06, 0x23, 0x22, 0x26,
    0x34, 0x36, 0x32, 0x16, 0x15, 0x25, 0x21, 0x34, 0x26, 0x22, 0x06, 0x02, 0x4D, 0xFE, 0x5F, 0x04,
    0x62, 0x3F, 0x64, 0x34, 0x40, 0x56, 0x8A, 0x70, 0x9D, 0xA0, 0xD9, 0x98, 0xFE, 0x5F, 0x01, 0x31,
    0x54, 0x7B, 0x62, 0xD9, 0x3A, 0x47, 0x3F, 0x46, 0x59, 0x95, 0xFB, 0x94, 0x83, 0x73, 0x0B, 0x43,
    0x48, 0x4B, 0x00, 0x00, 0x00, 0x01, 0x00, 0x41, 0x00, 0x00, 0x01, 0xB3, 0x02, 0xF4, 0x00, 0x13,
    0x00, 0x00, 0x13, 0x15, 0x33, 0x15, 0x23, 0x11, 0x23, 0x11, 0x23, 0x35, 0x33, 0x35, 0x34, 0x36,
    0x32, 0x17, 0x07, 0x26, 0x22, 0x06, 0xF4, 0x8C, 0x8C, 0x70, 0x43, 0x43, 0x65, 0x8F, 0x3B, 0x2E,
    0x21, 0x48, 0x28, 0x02, 0x40, 0x2C, 0x5A, 0xFE, 0x46, 0x01, 0xBA, 0x5A, 0x29, 0x54, 0x63, 0x35,
    0x4F, 0x23, 0x2D, 0x00, 0x00, 0x02, 0x00, 0x28, 0xFF, 0x2A, 0x02, 0x35, 0x02, 0x1C, 0x00, 0x15,
    0x00, 0x1D, 0x00, 0x00, 0x01, 0x11, 0x14, 0x06, 0x22, 0x27, 0x37, 0x16, 0x32, 0x36, 0x3D, 0x01,
    0x0E, 0x01, 0x23, 0x22, 0x26, 0x34, 0x36, 0x32, 0x17, 0x35, 0x00, 0x16, 0x32, 0x36, 0x34, 0x26,
    0x22, 0x06, 0x02, 0x35, 0x99, 0xF0, 0x61, 0x35, 0x4E, 0x9F, 0x5D, 0x19, 0x5D, 0x3A, 0x6A, 0x88,
    0x88, 0xD3, 0x42, 0xFE, 0xD1, 0x51, 0x89, 0x55, 0x56, 0x88, 0x51, 0x02, 0x14, 0xFE, 0x30, 0x8D,
    0x8D, 0x4B, 0x55, 0x3B, 0x52, 0x5A, 0x44, 0x2F, 0x38, 0x94, 0xDC, 0x94, 0x57, 0x4F, 0xFE, 0xC9,
    0x5F, 0x5C, 0x89, 0x5F, 0x62, 0x00, 0x00, 0x00, 0x00, 0x01, 0x00, 0x5A, 0x00, 0x00, 0x02, 0x44,
    0x02, 0xE5, 0x00, 0x12, 0x00, 0x00, 0x13, 0x11, 0x23, 0x11, 0x33, 0x11, 0x3E, 0x01, 0x33, 0x32,
    0x16, 0x15, 0x11, 0x23, 0x11, 0x34, 0x23, 0x22, 0x06, 0xCA, 0x70, 0x70, 0x18, 0x61, 0x38, 0x5A,
    0x6F, 0x70, 0x7A, 0x3A, 0x56, 0x01, 0x20, 0xFE, 0xE0, 0x02, 0xE5, 0xFE, 0xCE, 0x31, 0x38, 0x6E,
    0x68, 0xFE, 0xBA, 0x01, 0x24, 0x93, 0x4D, 0x00, 0x00, 0x02, 0x00, 0x5F, 0x00, 0x00, 0x00, 0xEC,
    0x02, 0xF5, 0x00, 0x03, 0x00, 0x0B, 0x00, 0x00, 0x33, 0x23, 0x11, 0x33, 0x26, 0x34, 0x36, 0x32,
    0x16, 0x14, 0x06, 0x22, 0xDD, 0x70, 0x70, 0x7E, 0x2A, 0x3B, 0x28, 0x2A, 0x39, 0x02, 0x14, 0x7F,
    0x3A, 0x28, 0x28, 0x3A, 0x2B, 0x00, 0x00, 0x00, 0x00, 0x02, 0xFF, 0xD1, 0xFF, 0x2C, 0x01, 0x0E,
    0x02, 0xF5, 0x00, 0x07, 0x00, 0x13, 0x00, 0x00, 0x12, 0x34, 0x36, 0x32, 0x16, 0x14, 0x06, 0x22,
    0x03, 0x11, 0x33, 0x11, 0x14, 0x06, 0x22, 0x27, 0x37, 0x16, 0x32, 0x36, 0x81, 0x2A, 0x3B, 0x28,
    0x2A, 0x39, 0x1B, 0x70, 0x65, 0x8F, 0x3B, 0x34, 0x22, 0x45, 0x24, 0x02, 0x93, 0x3A, 0x28, 0x28,
    0x3A, 0x2B, 0xFD, 0x7F, 0x02, 0x2D, 0xFD, 0xCF, 0x54, 0x63, 0x35, 0x54, 0x21, 0x2C, 0x00, 0x00,
    0x00, 0x01, 0x00, 0x5A, 0x00, 0x00, 0x02, 0x41, 0x02, 0xE6, 0x00, 0x0B, 0x00, 0x00, 0x01, 0x13,
    0x23, 0x27, 0x07, 0x15, 0x23, 0x11, 0x33, 0x11, 0x37, 0x33, 0x01, 0x68, 0xD9, 0x88, 0x9E, 0x51,
    0x70, 0x70, 0xD8, 0x90, 0x01, 0x41, 0xFE, 0xBF, 0xE9, 0x52, 0x97, 0x02, 0xE6, 0xFE, 0x4C, 0xE2,
    0x00, 0x01, 0x00, 0x5A, 0x00, 0x00, 0x00, 0xCA, 0x02, 0xE6, 0x00, 0x03, 0x00, 0x00, 0x33, 0x23,
    0x11, 0x33, 0xCA, 0x70, 0x70, 0x02, 0xE6, 0x00, 0x00, 0x01, 0x00, 0x5A, 0x00, 0x00, 0x03, 0xB4,
    0x02, 0x1C, 0x00, 0x1E, 0x00, 0x00, 0x13, 0x11, 0x23, 0x11, 0x33, 0x15, 0x3E, 0x01, 0x33, 0x32,
    0x17, 0x36, 0x33, 0x32, 0x16, 0x15, 0x11, 0x23, 0x11, 0x34, 0x23, 0x22, 0x06, 0x07, 0x11, 0x23,
    0x11, 0x34, 0x26, 0x22, 0x06, 0xCA, 0x70, 0x70, 0x18, 0x61, 0x38, 0x7E, 0x2D, 0x4F, 0x76, 0x5A,
    0x6F, 0x70, 0x7A, 0x39, 0x55, 0x02, 0x70, 0x36, 0x74, 0x56, 0x01, 0x20, 0xFE, 0xE0, 0x02, 0x14,
    0x61, 0x31, 0x38, 0x68, 0x68, 0x6E, 0x68, 0xFE, 0xBA, 0x01, 0x24, 0x93, 0x49, 0x46, 0xFE, 0xD8,
    0x01, 0x24, 0x4C, 0x47, 0x4D, 0x00, 0x00, 0x00, 0x00, 0x01, 0x00, 0x5A, 0x00, 0x00, 0x02, 0x44,
    0x02, 0x1C, 0x00, 0x12, 0x00, 0x00, 0x13, 0x11, 0x23, 0x11, 0x33, 0x15, 0x3E, 0x01, 0x33, 0x32,
    0x16, 0x15, 0x11, 0x23, 0x11, 0x34, 0x23, 0x22, 0x06, 0xCA, 0x70, 0x70, 0x1B, 0x5F, 0x37, 0x5A,
    0x6F, 0x70, 0x7A, 0x3A, 0x56, 0x01, 0x20, 0xFE, 0xE0, 0x02, 0x14, 0x61, 0x31, 0x38, 0x6E, 0x68,
    0xFE, 0xBA, 0x01, 0x24, 0x93, 0x4D, 0x00, 0x00, 0x00, 0x02, 0x00, 0x32, 0xFF, 0xF8, 0x02, 0x62,
    0x02, 0x1C, 0x00, 0x07, 0x00, 0x0F, 0x00, 0x00, 0x24, 0x32, 0x36, 0x34, 0x26, 0x22, 0x06, 0x14,
    0x04, 0x22, 0x26, 0x34, 0x36, 0x32, 0x16, 0x14, 0x01, 0x01, 0x92, 0x5F, 0x5F, 0x92, 0x5F, 0x01,
    0x20, 0xF0, 0xA0, 0xA0, 0xF0, 0xA0, 0x5C, 0x61, 0x9A, 0x61, 0x61, 0x9A, 0xC5, 0x9F, 0xE6, 0x9F,
    0x9F, 0xE6, 0x00, 0x00, 0x00, 0x02, 0x00, 0x5A, 0xFF, 0x3E, 0x02, 0x7A, 0x02, 0x1C, 0x00, 0x0B,
    0x00, 0x13, 0x00, 0x00, 0x00, 0x16, 0x14, 0x06, 0x22, 0x27, 0x11, 0x23, 0x11, 0x33, 0x15, 0x36,
    0x02, 0x16, 0x32, 0x36, 0x34, 0x26, 0x22, 0x06, 0x01, 0xE2, 0x98, 0x97, 0xC9, 0x50, 0x70, 0x70,
    0x42, 0x44, 0x5C, 0x84, 0x62, 0x60, 0x86, 0x5C, 0x02, 0x1C, 0x94, 0xF6, 0x9A, 0x58, 0xFE, 0xEE,
    0x02, 0xD6, 0x5D, 0x65, 0xFE, 0xA1, 0x61, 0x60, 0x99, 0x65, 0x65, 0x00, 0x00, 0x02, 0x00, 0x2E,
    0xFF, 0x3E, 0x02, 0x4E, 0x02, 0x1C, 0x00, 0x0B, 0x00, 0x13, 0x00, 0x00, 0x16, 0x26, 0x34, 0x36,
    0x32, 0x17, 0x35, 0x33, 0x11, 0x23, 0x11, 0x06, 0x26, 0x16, 0x32, 0x36, 0x34, 0x26, 0x22, 0x06,
    0xC5, 0x97, 0x98, 0xD6, 0x42, 0x70, 0x70, 0x50, 0xF0, 0x62, 0x84, 0x5C, 0x5C, 0x86, 0x60, 0x08,
    0x9A, 0xF6, 0x94, 0x65, 0x5D, 0xFD, 0x2A, 0x01, 0x12, 0x58, 0xC4, 0x60, 0x61, 0x98, 0x65, 0x65,
    0x00, 0x01, 0x00, 0x5A, 0x00, 0x00, 0x01, 0x77, 0x02, 0x1C, 0x00, 0x0D, 0x00, 0x00, 0x01, 0x17,
    0x22, 0x23, 0x22, 0x06, 0x1D, 0x01, 0x23, 0x11, 0x33, 0x15, 0x3E, 0x01, 0x01, 0x76, 0x01, 0x03,
    0x03, 0x53, 0x54, 0x70, 0x70, 0x1B, 0x5D, 0x02, 0x1C, 0x71, 0x6C, 0x5B, 0xE4, 0x02, 0x14, 0x6B,
    0x32, 0x40, 0x00, 0x00, 0x00, 0x01, 0x00, 0x30, 0xFF, 0xF8, 0x01, 0xDB, 0x02, 0x1C, 0x00, 0x23,
    0x00, 0x00, 0x24, 0x06, 0x23, 0x22, 0x26, 0x27, 0x37, 0x16, 0x33, 0x32, 0x36, 0x35, 0x34, 0x27,
    0x26, 0x27, 0x26, 0x35, 0x34, 0x36, 0x32, 0x17, 0x07, 0x26, 0x23, 0x22, 0x06, 0x15, 0x14, 0x17,
    0x1E, 0x03, 0x17, 0x16, 0x01, 0xDB, 0x6E, 0x56, 0x3A, 0x7D, 0x30, 0x36, 0x5D, 0x57, 0x26, 0x2C,
    0x6A, 0x08, 0x04, 0xA6, 0x73, 0xB8, 0x52, 0x2A, 0x41, 0x4C, 0x28, 0x32, 0x1A, 0x12, 0x41, 0x32,
    0x2F, 0x1B, 0x36, 0x53, 0x5B, 0x2A, 0x26, 0x57, 0x46, 0x23, 0x1B, 0x28, 0x20, 0x03, 0x01, 0x2D,
    0x69, 0x4A, 0x59, 0x36, 0x53, 0x2B, 0x1D, 0x1D, 0x1A, 0x0C, 0x09, 0x10, 0x10, 0x14, 0x12, 0x24,
    0x00, 0x01, 0x00, 0x37, 0x00, 0x00, 0x01, 0xA9, 0x02, 0xBB, 0x00, 0x13, 0x00, 0x00, 0x13, 0x11,
    0x14, 0x16, 0x32, 0x37, 0x17, 0x06, 0x22, 0x26, 0x35, 0x11, 0x23, 0x35, 0x33, 0x35, 0x33, 0x15,
    0x33, 0x15, 0xEA, 0x28, 0x48, 0x21, 0x2E, 0x3B, 0x8F, 0x65, 0x43, 0x43, 0x70, 0x8C, 0x01, 0xBA,
    0xFE, 0xFA, 0x26, 0x2D, 0x23, 0x4F, 0x35, 0x63, 0x54, 0x01, 0x03, 0x5A, 0xA7, 0xA7, 0x5A, 0x00,
    0x00, 0x01, 0x00, 0x49, 0xFF, 0xF8, 0x02, 0x33, 0x02, 0x14, 0x00, 0x12, 0x00, 0x00, 0x25, 0x11,
    0x33, 0x11, 0x23, 0x35, 0x0E, 0x01, 0x23, 0x22, 0x26, 0x35, 0x11, 0x33, 0x11, 0x14, 0x33, 0x32,
    0x36, 0x01, 0xC3, 0x70, 0x70, 0x1B, 0x5F, 0x37, 0x5A, 0x6F, 0x70, 0x7A, 0x3A, 0x56, 0xF4, 0x01,
    0x20, 0xFD, 0xEC, 0x61, 0x31, 0x38, 0x6E, 0x68, 0x01, 0x46, 0xFE, 0xDC, 0x93, 0x4D, 0x00, 0x00,
    0x00, 0x01, 0x00, 0x17, 0x00, 0x00, 0x02, 0x43, 0x02, 0x14, 0x00, 0x06, 0x00, 0x00, 0x33, 0x03,
    0x33, 0x1B, 0x01, 0x33, 0x03, 0xED, 0xD6, 0x74, 0xA2, 0xA2, 0x74, 0xD6, 0x02, 0x14, 0xFE, 0x6E,
    0x01, 0x92, 0xFD, 0xEC, 0x00, 0x01, 0x00, 0x00, 0x00, 0x00, 0x03, 0x6C, 0x02, 0x14, 0x00, 0x0C,
    0x00, 0x00, 0x21, 0x23, 0x03, 0x33, 0x1B, 0x01, 0x33, 0x1B, 0x01, 0x33, 0x03, 0x23, 0x03, 0x01,
    0x38, 0x80, 0xB8, 0x74, 0x84, 0x84, 0x74, 0x84, 0x84, 0x74, 0xB8, 0x80, 0x7E, 0x02, 0x14, 0xFE,
    0x6E, 0x01, 0x92, 0xFE, 0x6E, 0x01, 0x92, 0xFD, 0xEC, 0x01, 0x6C, 0x00, 0x00, 0x01, 0x00, 0x2F,
    0x00, 0x00, 0x02, 0x37, 0x02, 0x14, 0x00, 0x0B, 0x00, 0x00, 0x13, 0x17, 0x37, 0x33, 0x03, 0x13,
    0x23, 0x27, 0x07, 0x23, 0x13, 0x03, 0xC2, 0x72, 0x76, 0x85, 0xBA, 0xC2, 0x8A, 0x7F, 0x7C, 0x83,
    0xBD, 0xB3, 0x02, 0x14, 0xAF, 0xAF, 0xFE, 0xFC, 0xFE, 0xF0, 0xB1, 0xB1, 0x01, 0x0F, 0x01, 0x05,
    0x00, 0x01, 0x00, 0x16, 0xFF, 0x2C, 0x02, 0x44, 0x02, 0x14, 0x00, 0x10, 0x00, 0x00, 0x09, 0x01,
    0x0E, 0x01, 0x23, 0x22, 0x27, 0x37, 0x16, 0x32, 0x36, 0x35, 0x34, 0x03, 0x33, 0x1B, 0x01, 0x02,
    0x44, 0xFE, 0xFE, 0x17, 0x56, 0x34, 0x49, 0x3B, 0x33, 0x23, 0x4B, 0x2F, 0xD7, 0x78, 0x9F, 0x9F,
    0x02, 0x14, 0xFD, 0x88, 0x34, 0x3C, 0x35, 0x5B, 0x21, 0x36, 0x20, 0x0E, 0x02, 0x15, 0xFE, 0x78,
    0x01, 0x88, 0x00, 0x00, 0x00, 0x01, 0x00, 0x28, 0x00, 0x00, 0x01, 0xEC, 0x02, 0x12, 0x00, 0x09,
    0x00, 0x00, 0x01, 0x21, 0x35, 0x21, 0x15, 0x01, 0x21, 0x15, 0x21, 0x35, 0x01, 0x4B, 0xFE, 0xF1,
    0x01, 0xA0, 0xFE, 0xD5, 0x01, 0x3B, 0xFE, 0x3C, 0x01, 0xB2, 0x60, 0x65, 0xFE, 0xB4, 0x61, 0x6D,
    0x00, 0x01, 0x00, 0x20, 0xFF, 0x6E, 0x01, 0x14, 0x02, 0xF8, 0x00, 0x1F, 0x00, 0x00, 0x01, 0x22,
    0x1D, 0x01, 0x14, 0x07, 0x16, 0x1D, 0x01, 0x14, 0x16, 0x33, 0x15, 0x23, 0x22, 0x3D, 0x01, 0x34,
    0x26, 0x2B, 0x01, 0x35, 0x33, 0x32, 0x36, 0x3D, 0x01, 0x34, 0x3B, 0x01, 0x15, 0x26, 0x01, 0x0C,
    0x3E, 0x42, 0x42, 0x1D, 0x29, 0x22, 0x88, 0x18, 0x1A, 0x18, 0x18, 0x1A, 0x18, 0x88, 0x22, 0x03,
    0x02, 0x9C, 0x39, 0xDC, 0x46, 0x0C, 0x0B, 0x46, 0xEB, 0x1A, 0x14, 0x5D, 0x84, 0xD8, 0x21, 0x1B,
    0x5D, 0x1C, 0x22, 0xD3, 0x84, 0x5D, 0x01, 0x00, 0x00, 0x01, 0x00, 0x17, 0xFF, 0x67, 0x00, 0x6A,
    0x03, 0x0E, 0x00, 0x03, 0x00, 0x00, 0x17, 0x11, 0x33, 0x11, 0x17, 0x53, 0x99, 0x03, 0xA7, 0xFC,
    0x59, 0x00, 0x00, 0x00, 0x00, 0x01, 0x00, 0x16, 0xFF, 0x6E, 0x01, 0x0A, 0x02, 0xF8, 0x00, 0x20,
    0x00, 0x00, 0x17, 0x23, 0x35, 0x32, 0x36, 0x3D, 0x01, 0x34, 0x37, 0x26, 0x3D, 0x01, 0x34, 0x26,
    0x23, 0x0F, 0x01, 0x35, 0x33, 0x32, 0x1D, 0x01, 0x14, 0x16, 0x3B, 0x01, 0x15, 0x23, 0x22, 0x06,
    0x1D, 0x01, 0x14, 0x38, 0x22, 0x29, 0x1D, 0x42, 0x42, 0x21, 0x10, 0x03, 0x12, 0x22, 0x88, 0x18,
    0x1A, 0x18, 0x18, 0x1A, 0x18, 0x92, 0x5D, 0x14, 0x1A, 0xEB, 0x46, 0x0B, 0x0C, 0x46, 0xDC, 0x1F,
    0x1B, 0x01, 0x01, 0x5D, 0x84, 0xD3, 0x22, 0x1C, 0x5D, 0x1B, 0x21, 0xD8, 0x84, 0x00, 0x00, 0x00,
    0x00, 0x01, 0x00, 0x35, 0x02, 0x87, 0x02, 0x37, 0x03, 0x4F, 0x00, 0x15, 0x00, 0x00, 0x01, 0x26,
    0x27, 0x26, 0x22, 0x06, 0x07, 0x27, 0x3E, 0x01, 0x32, 0x17, 0x16, 0x17, 0x16, 0x32, 0x36, 0x37,
    0x17, 0x0E, 0x01, 0x22, 0x01, 0x36, 0x05, 0x19, 0x36, 0x30, 0x19, 0x06, 0x5E, 0x0A, 0x4C, 0x68,
    0x43, 0x05, 0x19, 0x36, 0x30, 0x19, 0x06, 0x5E, 0x0A, 0x4C, 0x68, 0x02, 0xAC, 0x03, 0x0F, 0x21,
    0x1F, 0x25, 0x22, 0x46, 0x4C, 0x25, 0x03, 0x0F, 0x21, 0x1F, 0x25, 0x22, 0x46, 0x4C, 0x00, 0x00,
    0x00, 0x02, 0x00, 0x64, 0xFF, 0xF8, 0x00, 0xF9, 0x02, 0xC9, 0x00, 0x05, 0x00, 0x0D, 0x00, 0x00,
    0x17, 0x23, 0x35, 0x13, 0x33, 0x13, 0x02, 0x26, 0x34, 0x36, 0x32, 0x16, 0x14, 0x06, 0xF3, 0x8B,
    0x1E, 0x50, 0x1D, 0x63, 0x2C, 0x2C, 0x3D, 0x2C, 0x2C, 0x08, 0x7E, 0x01, 0x69, 0xFE, 0x97, 0x01,
    0xBE, 0x2C, 0x3D, 0x2C, 0x2C, 0x3D, 0x2C, 0x00, 0x00, 0x02, 0x00, 0x3B, 0xFF, 0x86, 0x02, 0x2A,
    0x02, 0x90, 0x00, 0x15, 0x00, 0x1B, 0x00, 0x00, 0x05, 0x35, 0x2E, 0x01, 0x34, 0x36, 0x37, 0x35,
    0x33, 0x15, 0x16, 0x17, 0x07, 0x26, 0x27, 0x11, 0x36, 0x37, 0x17, 0x06, 0x07, 0x15, 0x02, 0x06,
    0x14, 0x16, 0x17, 0x11, 0x01, 0x2B, 0x65, 0x8B, 0x8A, 0x66, 0x40, 0x71, 0x49, 0x42, 0x3D, 0x3B,
    0x42, 0x3B, 0x42, 0x53, 0x6C, 0x77, 0x49, 0x47, 0x39, 0x7A, 0x74, 0x0B, 0x93, 0xE0, 0x93, 0x0E,
    0x77, 0x75, 0x09, 0x49, 0x51, 0x34, 0x06, 0xFE, 0xAD, 0x07, 0x3C, 0x48, 0x55, 0x0B, 0x74, 0x02,
    0x1B, 0x57, 0x7B, 0x5C, 0x0F, 0x01, 0x4A, 0x00, 0x00, 0x01, 0x00, 0x07, 0x00, 0x00, 0x01, 0xFF,
    0x02, 0xE6, 0x00, 0x19, 0x00, 0x00, 0x13, 0x15, 0x33, 0x15, 0x23, 0x15, 0x21, 0x15, 0x21, 0x35,
    0x33, 0x35, 0x23, 0x35, 0x33, 0x35, 0x34, 0x36, 0x33, 0x32, 0x17, 0x07, 0x26, 0x23, 0x22, 0x06,
    0xD3, 0xA7, 0xA7, 0x01, 0x2A, 0xFE, 0x0E, 0x52, 0x56, 0x56, 0x7A, 0x63, 0x83, 0x42, 0x53, 0x29,
    0x41, 0x30, 0x3F, 0x02, 0x04, 0x83, 0x62, 0xB6, 0x69, 0x69, 0xB6, 0x62, 0x7D, 0x79, 0x6F, 0x70,
    0x42, 0x44, 0x37, 0x00, 0x00, 0x02, 0x00, 0x24, 0xFF, 0xF8, 0x02, 0x9F, 0x02, 0x7C, 0x00, 0x17,
    0x00, 0x1F, 0x00, 0x00, 0x3F, 0x01, 0x26, 0x34, 0x37, 0x27, 0x37, 0x17, 0x36, 0x32, 0x17, 0x37,
    0x17, 0x07, 0x16, 0x14, 0x07, 0x17, 0x07, 0x27, 0x06, 0x22, 0x27, 0x07, 0x36, 0x32, 0x36, 0x34,
    0x26, 0x22, 0x06, 0x14, 0x24, 0x5A, 0x35, 0x33, 0x58, 0x47, 0x5A, 0x44, 0xAE, 0x47, 0x5A, 0x47,
    0x59, 0x33, 0x36, 0x5C, 0x46, 0x5F, 0x43, 0xAC, 0x43, 0x5E, 0xB1, 0x8C, 0x5C, 0x5C, 0x8C, 0x5C,
    0x3E, 0x5A, 0x48, 0xB8, 0x46, 0x58, 0x46, 0x59, 0x2C, 0x2D, 0x5A, 0x46, 0x59, 0x48, 0xB3, 0x49,
    0x5B, 0x46, 0x5D, 0x2A, 0x2A, 0x5D, 0x9D, 0x5E, 0x94, 0x5D, 0x5D, 0x94, 0x00, 0x01, 0xFF, 0xBB,
    0x00, 0x00, 0x02, 0x43, 0x02, 0xBB, 0x00, 0x19, 0x00, 0x00, 0x27, 0x33, 0x35, 0x27, 0x23, 0x35,
    0x33, 0x03, 0x33, 0x13, 0x33, 0x13, 0x33, 0x03, 0x33, 0x15, 0x23, 0x07, 0x15, 0x33, 0x15, 0x23,
    0x15, 0x23, 0x35, 0x23, 0x02, 0xBE, 0x04, 0xBA, 0x86, 0xC9, 0x81, 0xBD, 0x07, 0xC4, 0x7F, 0xD0,
    0x83, 0xB9, 0x03, 0xBC, 0xBD, 0x7D, 0xBE, 0xD4, 0x36, 0x06, 0x58, 0x01, 0x53, 0xFE, 0xBF, 0x01,
    0x41, 0xFE, 0xAD, 0x58, 0x06, 0x36, 0x58, 0x7C, 0x7C, 0x00, 0x00, 0x00, 0x00, 0x02, 0x00, 0x50,
    0xFF, 0xE8, 0x00, 0xAE, 0x02, 0xF5, 0x00, 0x03, 0x00, 0x07, 0x00, 0x00, 0x13, 0x11, 0x33, 0x11,
    0x03, 0x11, 0x33, 0x11, 0x50, 0x5E, 0x5E, 0x5E, 0x01, 0xAE, 0x01, 0x47, 0xFE, 0xB9, 0xFE, 0x3A,
    0x01, 0x47, 0xFE, 0xB9, 0x00, 0x02, 0x00, 0x09, 0xFF, 0x76, 0x02, 0x0D, 0x02, 0xE6, 0x00, 0x0B,
    0x00, 0x34, 0x00, 0x00, 0x13, 0x14, 0x16, 0x33, 0x32, 0x36, 0x34, 0x26, 0x27, 0x26, 0x22, 0x06,
    0x12, 0x06, 0x14, 0x1E, 0x02, 0x15, 0x14, 0x06, 0x07, 0x1E, 0x01, 0x15, 0x14, 0x06, 0x23, 0x22,
    0x27, 0x37, 0x16, 0x33, 0x32, 0x35, 0x34, 0x2E, 0x02, 0x35, 0x34, 0x36, 0x37, 0x26, 0x34, 0x36,
    0x33, 0x32, 0x16, 0x17, 0x07, 0x26, 0x23, 0x67, 0x75, 0x5B, 0x34, 0x45, 0x2E, 0x24, 0x48, 0x6F,
    0x40, 0x6E, 0x35, 0x3A, 0xCD, 0x66, 0x40, 0x44, 0x2E, 0x2E, 0x75, 0x62, 0x8F, 0x6E, 0x40, 0x62,
    0x5E, 0x6B, 0x43, 0xC3, 0x6D, 0x42, 0x3B, 0x51, 0x75, 0x5B, 0x41, 0x62, 0x33, 0x39, 0x4A, 0x55,
    0x01, 0x3D, 0x2F, 0x3E, 0x2C, 0x41, 0x2A, 0x0B, 0x15, 0x27, 0x01, 0x28, 0x2A, 0x43, 0x28, 0x31,
    0x4E, 0x49, 0x32, 0x51, 0x10, 0x11, 0x46, 0x25, 0x45, 0x61, 0x62, 0x4C, 0x51, 0x44, 0x20, 0x2A,
    0x39, 0x51, 0x4E, 0x30, 0x50, 0x0B, 0x20, 0xA0, 0x62, 0x20, 0x25, 0x50, 0x37, 0x00, 0x00, 0x00,
    0x00, 0x02, 0x00, 0xA6, 0x02, 0x58, 0x01, 0xDA, 0x02, 0xD4, 0x00, 0x07, 0x00, 0x0F, 0x00, 0x00,
    0x12, 0x34, 0x36, 0x32, 0x16, 0x14, 0x06, 0x22, 0x36, 0x26, 0x34, 0x36, 0x32, 0x16, 0x14, 0x06,
    0xA6, 0x24, 0x33, 0x24, 0x25, 0x33, 0xBA, 0x24, 0x24, 0x33, 0x24, 0x24, 0x02, 0x7C, 0x34, 0x23,
    0x23, 0x34, 0x24, 0x01, 0x24, 0x33, 0x24, 0x23, 0x33, 0x25, 0x00, 0x00, 0x00, 0x03, 0x00, 0x38,
    0xFF, 0xF4, 0x03, 0x0C, 0x02, 0xC8, 0x00, 0x07, 0x00, 0x0F, 0x00, 0x1F, 0x00, 0x00, 0x00, 0x10,
    0x06, 0x20, 0x26, 0x10, 0x36, 0x20, 0x12, 0x10, 0x26, 0x20, 0x06, 0x10, 0x16, 0x20, 0x37, 0x06,
    0x22, 0x26, 0x34, 0x36, 0x32, 0x17, 0x07, 0x26, 0x22, 0x06, 0x14, 0x16, 0x32, 0x37, 0x03, 0x0C,
    0xD4, 0xFE, 0xD2, 0xD2, 0xD4, 0x01, 0x2C, 0xA8, 0xB7, 0xFE, 0xF6, 0xB8, 0xB6, 0x01, 0x0A, 0x22,
    0x44, 0xAE, 0x74, 0x78, 0xB2, 0x39, 0x30, 0x34, 0x64, 0x4B, 0x4B, 0x6E, 0x2D, 0x01, 0xF4, 0xFE,
    0xD6, 0xD6, 0xD4, 0x01, 0x2A, 0xD6, 0xFE, 0x13, 0x01, 0x06, 0xBA, 0xBB, 0xFE, 0xF9, 0xBA, 0xC1,
    0x47, 0x6D, 0xB2, 0x6E, 0x3C, 0x3B, 0x2C, 0x43, 0x6B, 0x4A, 0x31, 0x00, 0x00, 0x02, 0x00, 0x0D,
    0x01, 0xCE, 0x00, 0xE7, 0x02, 0xCC, 0x00, 0x13, 0x00, 0x1C, 0x00, 0x00, 0x13, 0x23, 0x35, 0x06,
    0x22, 0x26, 0x35, 0x34, 0x3B, 0x01, 0x35, 0x34, 0x23, 0x22, 0x07, 0x27, 0x36, 0x33, 0x32, 0x15,
    0x07, 0x35, 0x23, 0x22, 0x15, 0x14, 0x16, 0x32, 0x36, 0xE7, 0x2F, 0x1F, 0x59, 0x33, 0x63, 0x43,
    0x36, 0x21, 0x26, 0x18, 0x2E, 0x32, 0x69, 0x34, 0x3A, 0x38, 0x1C, 0x31, 0x25, 0x01, 0xD2, 0x21,
    0x25, 0x2C, 0x24, 0x49, 0x09, 0x31, 0x19, 0x21, 0x23, 0x5B, 0x43, 0x15, 0x24, 0x12, 0x13, 0x1D,
    0x00, 0x02, 0x00, 0x2E, 0x00, 0x40, 0x01, 0xD7, 0x01, 0xA0, 0x00, 0x05, 0x00, 0x0B, 0x00, 0x00,
    0x01, 0x07, 0x17, 0x23, 0x27, 0x37, 0x21, 0x07, 0x17, 0x23, 0x27, 0x37, 0x01, 0x11, 0x73, 0x73,
    0x6C, 0x77, 0x77, 0x01, 0x32, 0x73, 0x73, 0x6C, 0x77, 0x77, 0x01, 0xA0, 0xB0, 0xB0, 0xB0, 0xB0,
    0xB0, 0xB0, 0xB0, 0xB0, 0x00, 0x01, 0x00, 0x5D, 0x00, 0x58, 0x02, 0xFA, 0x01, 0xBD, 0x00, 0x05,
    0x00, 0x00, 0x13, 0x21, 0x11, 0x23, 0x11, 0x21, 0x5D, 0x02, 0x9D, 0x52, 0xFD, 0xB5, 0x01, 0xBD,
    0xFE, 0x9B, 0x01, 0x0D, 0x00, 0x04, 0x00, 0x36, 0xFF, 0xF4, 0x03, 0x0A, 0x02, 0xC8, 0x00, 0x07,
    0x00, 0x0F, 0x00, 0x1C, 0x00, 0x24, 0x00, 0x00, 0x00, 0x10, 0x06, 0x20, 0x26, 0x10, 0x36, 0x20,
    0x12, 0x10, 0x26, 0x20, 0x06, 0x10, 0x16, 0x20, 0x13, 0x14, 0x07, 0x17, 0x23, 0x27, 0x23, 0x15,
    0x23, 0x11, 0x33, 0x32, 0x16, 0x06, 0x36, 0x34, 0x26, 0x2B, 0x01, 0x15, 0x33, 0x03, 0x0A, 0xD4,
    0xFE, 0xD2, 0xD2, 0xD4, 0x01, 0x2C, 0xA8, 0xB7, 0xFE, 0xF6, 0xB8, 0xB6, 0x01, 0x0A, 0x2A, 0x55,
    0x68, 0x54, 0x5E, 0x56, 0x44, 0x93, 0x59, 0x4D, 0x6C, 0x29, 0x2A, 0x35, 0x53, 0x51, 0x01, 0xF4,
    0xFE, 0xD6, 0xD6, 0xD4, 0x01, 0x2A, 0xD6, 0xFE, 0x13, 0x01, 0x06, 0xBA, 0xBB, 0xFE, 0xF9, 0xBA,
    0x01, 0x85, 0x61, 0x19, 0x8D, 0x83, 0x83, 0x01, 0x87, 0x3D, 0x8B, 0x22, 0x4D, 0x1E, 0x8D, 0x00,
    0x00, 0x01, 0x00, 0x3B, 0x02, 0x58, 0x01, 0x6E, 0x02, 0xAF, 0x00, 0x03, 0x00, 0x00, 0x01, 0x15,
    0x21, 0x35, 0x01, 0x6E, 0xFE, 0xCD, 0x02, 0xAF, 0x57, 0x57, 0x00, 0x00, 0x00, 0x02, 0x00, 0x50,
    0x01, 0x98, 0x01, 0x84, 0x02, 0xCB, 0x00, 0x07, 0x00, 0x0F, 0x00, 0x00, 0x12, 0x32, 0x16, 0x14,
    0x06, 0x22, 0x26, 0x34, 0x1E, 0x01, 0x32, 0x36, 0x34, 0x26, 0x22, 0x06, 0xAA, 0x80, 0x5A, 0x5A,
    0x80, 0x5A, 0x34, 0x3B, 0x55, 0x3B, 0x3B, 0x55, 0x3B, 0x02, 0xCB, 0x5A, 0x80, 0x59, 0x59, 0x80,
    0x6A, 0x3C, 0x3C, 0x54, 0x3B, 0x3B, 0x00, 0x00, 0x00, 0x02, 0x00, 0x01, 0x00, 0x88, 0x01, 0xD7,
    0x02, 0x9F, 0x00, 0x0B, 0x00, 0x0F, 0x00, 0x00, 0x13, 0x33, 0x15, 0x33, 0x15, 0x23, 0x15, 0x23,
    0x35, 0x23, 0x35, 0x33, 0x03, 0x21, 0x15, 0x21, 0xB4, 0x70, 0xB3, 0xB3, 0x70, 0xB3, 0xB3, 0xB3,
    0x01, 0xD6, 0xFE, 0x2A, 0x02, 0x9F, 0x92, 0x62, 0x8D, 0x8D, 0x62, 0xFE, 0xD9, 0x5E, 0x00, 0x00,
    0x00, 0x01, 0x00, 0x1C, 0x01, 0x2A, 0x01, 0x38, 0x02, 0xCC, 0x00, 0x15, 0x00, 0x00, 0x12, 0x36,
    0x34, 0x26, 0x23, 0x22, 0x07, 0x27, 0x36, 0x33, 0x32, 0x16, 0x15, 0x14, 0x06, 0x0F, 0x01, 0x33,
    0x15, 0x21, 0x35, 0x37, 0xC6, 0x23, 0x25, 0x1D, 0x33, 0x21, 0x37, 0x35, 0x57, 0x36, 0x4D, 0x21,
    0x2C, 0x5F, 0xB9, 0xFE, 0xE9, 0x7B, 0x02, 0x0B, 0x30, 0x31, 0x22, 0x33, 0x20, 0x51, 0x41, 0x38,
    0x1F, 0x39, 0x2E, 0x61, 0x42, 0x3A, 0x7D, 0x00, 0x00, 0x01, 0x00, 0x16, 0x01, 0x18, 0x01, 0x33,
    0x02, 0xBB, 0x00, 0x15, 0x00, 0x00, 0x13, 0x23, 0x35, 0x33, 0x15, 0x07, 0x1E, 0x01, 0x14, 0x06,
    0x22, 0x27, 0x37, 0x16, 0x33, 0x32, 0x36, 0x34, 0x26, 0x22, 0x07, 0x35, 0xC2, 0x95, 0xF2, 0x64,
    0x39, 0x3F, 0x55, 0x88, 0x40, 0x1E, 0x31, 0x39, 0x24, 0x2F, 0x34, 0x45, 0x16, 0x02, 0x7D, 0x3E,
    0x37, 0x70, 0x01, 0x45, 0x6E, 0x48, 0x2B, 0x38, 0x23, 0x21, 0x40, 0x26, 0x07, 0x35, 0x00, 0x00,
    0x00, 0x01, 0x01, 0x52, 0x02, 0x74, 0x02, 0x32, 0x03, 0x05, 0x00, 0x03, 0x00, 0x00, 0x01, 0x23,
    0x37, 0x17, 0x01, 0xB8, 0x66, 0x6A, 0x76, 0x02, 0x74, 0x91, 0x31, 0x00, 0x00, 0x01, 0x00, 0x22,
    0xFF, 0x3E, 0x02, 0x0C, 0x02, 0x14, 0x00, 0x12, 0x00, 0x00, 0x17, 0x11, 0x33, 0x11, 0x14, 0x33,
    0x32, 0x36, 0x35, 0x11, 0x33, 0x11, 0x23, 0x35, 0x0E, 0x01, 0x22, 0x27, 0x15, 0x22, 0x70, 0x7A,
    0x3A, 0x56, 0x70, 0x70, 0x1B, 0x5F, 0x68, 0x28, 0xC2, 0x02, 0xD6, 0xFE, 0xDC, 0x93, 0x4D, 0x4A,
    0x01, 0x20, 0xFD, 0xEC, 0x61, 0x31, 0x38, 0x11, 0xCB, 0x00, 0x00, 0x00, 0x00, 0x01, 0x00, 0x43,
    0xFF, 0x90, 0x02, 0x5C, 0x02, 0xF5, 0x00, 0x11, 0x00, 0x00, 0x13, 0x34, 0x36, 0x33, 0x21, 0x11,
    0x23, 0x11, 0x23, 0x11, 0x23, 0x11, 0x06, 0x23, 0x22, 0x26, 0x27, 0x26, 0x43, 0x76, 0x78, 0x01,
    0x2B, 0x5D, 0x70, 0x5A, 0x18, 0x16, 0x37, 0x52, 0x14, 0x27, 0x02, 0x2C, 0x55, 0x74, 0xFC, 0x9B,
    0x03, 0x06, 0xFC, 0xFA, 0x01, 0xDF, 0x03, 0x26, 0x1E, 0x3A, 0x00, 0x00, 0x00, 0x01, 0x01, 0x03,
    0x00, 0xF4, 0x01, 0x98, 0x01, 0x89, 0x00, 0x07, 0x00, 0x00, 0x00, 0x34, 0x36, 0x32, 0x16, 0x14,
    0x06, 0x22, 0x01, 0x03, 0x2B, 0x3E, 0x2C, 0x2C, 0x3E, 0x01, 0x20, 0x3E, 0x2B, 0x2B, 0x3E, 0x2C,
    0x00, 0x01, 0x00, 0x2A, 0xFF, 0x2C, 0x00, 0xEB, 0x00, 0x00, 0x00, 0x10, 0x00, 0x00, 0x33, 0x07,
    0x16, 0x15, 0x14, 0x06, 0x22, 0x27, 0x37, 0x16, 0x32, 0x36, 0x34, 0x26, 0x22, 0x07, 0x37, 0xB9,
    0x14, 0x46, 0x3E, 0x5F, 0x24, 0x1A, 0x13, 0x27, 0x16, 0x17, 0x23, 0x0C, 0x24, 0x26, 0x09, 0x46,
    0x26, 0x39, 0x16, 0x39, 0x0A, 0x17, 0x20, 0x19, 0x05, 0x44, 0x00, 0x00, 0x00, 0x01, 0x00, 0x2B,
    0x01, 0x22, 0x00, 0xBF, 0x02, 0xBB, 0x00, 0x05, 0x00, 0x00, 0x13, 0x33, 0x11, 0x23, 0x11, 0x23,
    0x2B, 0x94, 0x42, 0x52, 0x02, 0xBB, 0xFE, 0x67, 0x01, 0x5C, 0x00, 0x00, 0x00, 0x02, 0x00, 0x07,
    0x01, 0xC8, 0x01, 0x11, 0x02, 0xCC, 0x00, 0x07, 0x00, 0x0F, 0x00, 0x00, 0x12, 0x32, 0x36, 0x34,
    0x26, 0x22, 0x06, 0x14, 0x16, 0x22, 0x26, 0x34, 0x36, 0x32, 0x16, 0x14, 0x69, 0x46, 0x2D, 0x2D,
    0x46, 0x2D, 0x89, 0x72, 0x4C, 0x4C, 0x72, 0x4C, 0x01, 0xF8, 0x2E, 0x49, 0x2E, 0x2E, 0x49, 0x5E,
    0x4B, 0x6E, 0x4B, 0x4B, 0x6E, 0x00, 0x00, 0x00, 0x00, 0x02, 0x00, 0x2E, 0x00, 0x40, 0x01, 0xD7,
    0x01, 0xA0, 0x00, 0x05, 0x00, 0x0B, 0x00, 0x00, 0x25, 0x27, 0x33, 0x17, 0x07, 0x23, 0x2F, 0x01,
    0x33, 0x17, 0x07, 0x23, 0x01, 0x67, 0x73, 0x6C, 0x77, 0x77, 0x6C, 0x53, 0x73, 0x6C, 0x77, 0x77,
    0x6C, 0xF0, 0xB0, 0xB0, 0xB0, 0xB0, 0xB0, 0xB0, 0xB0, 0x00, 0x00, 0x00, 0x00, 0x03, 0x00, 0x51,
    0xFF, 0xF8, 0x03, 0x41, 0x02, 0xF5, 0x00, 0x03, 0x00, 0x12, 0x00, 0x18, 0x00, 0x00, 0x01, 0x33,
    0x01, 0x23, 0x25, 0x33, 0x35, 0x33, 0x15, 0x33, 0x15, 0x23, 0x15, 0x23, 0x35, 0x23, 0x35, 0x37,
    0x33, 0x01, 0x33, 0x11, 0x23, 0x11, 0x23, 0x02, 0x58, 0x48, 0xFE, 0x8B, 0x48, 0x01, 0x89, 0x62,
    0x41, 0x32, 0x32, 0x41, 0xAF, 0x95, 0x4C, 0xFD, 0x51, 0x94, 0x42, 0x52, 0x02, 0xF5, 0xFD, 0x03,
    0xAE, 0x4B, 0x4B, 0x3F, 0x67, 0x67, 0x3D, 0xF5, 0x01, 0x22, 0xFE, 0x67, 0x01, 0x5C, 0x00, 0x00,
    0x00, 0x03, 0x00, 0x4F, 0xFF, 0xF8, 0x03, 0x7B, 0x02, 0xF5, 0x00, 0x03, 0x00, 0x19, 0x00, 0x1F,
    0x00, 0x00, 0x01, 0x33, 0x01, 0x23, 0x24, 0x36, 0x34, 0x26, 0x23, 0x22, 0x07, 0x27, 0x36, 0x33,
    0x32, 0x16, 0x15, 0x14, 0x06, 0x0F, 0x01, 0x33, 0x15, 0x21, 0x35, 0x37, 0x01, 0x33, 0x11, 0x23,
    0x11, 0x23, 0x02, 0x76, 0x48, 0xFE, 0x8B, 0x48, 0x02, 0x08, 0x23, 0x25, 0x1D, 0x31, 0x23, 0x36,
    0x35, 0x56, 0x36, 0x4E, 0x21, 0x2C, 0x60, 0xB9, 0xFE, 0xE9, 0x7C, 0xFD, 0x6F, 0x94, 0x42, 0x52,
    0x02, 0xF5, 0xFD, 0x03, 0xE9, 0x30, 0x31, 0x22, 0x33, 0x20, 0x51, 0x41, 0x38, 0x1F, 0x3A, 0x2D,
    0x61, 0x42, 0x3A, 0x7D, 0x02, 0x04, 0xFE, 0x67, 0x01, 0x5C, 0x00, 0x00, 0x00, 0x03, 0x00, 0x2F,
    0xFF, 0xF8, 0x03, 0x5E, 0x02, 0xF5, 0x00, 0x03, 0x00, 0x12, 0x00, 0x28, 0x00, 0x00, 0x01, 0x33,
    0x01, 0x23, 0x25, 0x33, 0x35, 0x33, 0x15, 0x33, 0x15, 0x23, 0x15, 0x23, 0x35, 0x23, 0x35, 0x37,
    0x33, 0x25, 0x23, 0x35, 0x33, 0x15, 0x07, 0x1E, 0x01, 0x14, 0x06, 0x22, 0x27, 0x37, 0x16, 0x33,
    0x32, 0x36, 0x34, 0x26, 0x22, 0x07, 0x35, 0x02, 0x75, 0x48, 0xFE, 0x8B, 0x48, 0x01, 0x89, 0x62,
    0x41, 0x32, 0x32, 0x41, 0xAF, 0x95, 0x4C, 0xFD, 0xBE, 0x95, 0xF2, 0x64, 0x39, 0x3F, 0x55, 0x88,
    0x40, 0x1E, 0x31, 0x39, 0x24, 0x2F, 0x34, 0x45, 0x16, 0x02, 0xF5, 0xFD, 0x03, 0xAE, 0x4B, 0x4B,
    0x3F, 0x67, 0x67, 0x3D, 0xF5, 0xE4, 0x3E, 0x37, 0x70, 0x01, 0x45, 0x6E, 0x48, 0x2B, 0x38, 0x23,
    0x21, 0x40, 0x26, 0x07, 0x35, 0x00, 0x00, 0x00, 0x00, 0x02, 0x00, 0x32, 0xFF, 0xF9, 0x01, 0xD5,
    0x02, 0xC8, 0x00, 0x1B, 0x00, 0x23, 0x00, 0x00, 0x13, 0x33, 0x15, 0x14, 0x06, 0x0F, 0x01, 0x06,
    0x14, 0x16, 0x32, 0x36, 0x37, 0x33, 0x0E, 0x01, 0x22, 0x26, 0x35, 0x34, 0x37, 0x3E, 0x03, 0x37,
    0x36, 0x35, 0x12, 0x16, 0x14, 0x06, 0x22, 0x26, 0x34, 0x36, 0xCB, 0x71, 0x13, 0x20, 0x49, 0x17,
    0x30, 0x4C, 0x33, 0x04, 0x79, 0x0A, 0x77, 0xB2, 0x70, 0x20, 0x14, 0x14, 0x21, 0x17, 0x07, 0x12,
    0x56, 0x2E, 0x2D, 0x3F, 0x2E, 0x2D, 0x01, 0xEA, 0x3D, 0x28, 0x27, 0x20, 0x49, 0x19, 0x4A, 0x31,
    0x2F, 0x27, 0x59, 0x65, 0x61, 0x57, 0x3C, 0x28, 0x18, 0x14, 0x1F, 0x17, 0x09, 0x15, 0x28, 0x01,
    0x0B, 0x2B, 0x3D, 0x2C, 0x2B, 0x3D, 0x2C, 0x00, 0x00, 0x03, 0x00, 0x14, 0x00, 0x00, 0x02, 0xEE,
    0x03, 0x86, 0x00, 0x07, 0x00, 0x0A, 0x00, 0x0E, 0x00, 0x00, 0x09, 0x01, 0x23, 0x27, 0x21, 0x07,
    0x23, 0x01, 0x13, 0x0B, 0x01, 0x13, 0x23, 0x27, 0x37, 0x01, 0xBA, 0x01, 0x34, 0x82, 0x47, 0xFE,
    0xB1, 0x44, 0x7E, 0x01, 0x34, 0xAE, 0x78, 0x77, 0xB1, 0x66, 0x7A, 0x76, 0x02, 0xBB, 0xFD, 0x45,
    0x9F, 0x9F, 0x02, 0xBB, 0xFE, 0x51, 0x01, 0x0D, 0xFE, 0xF3, 0x01, 0xE9, 0x60, 0x31, 0x00, 0x00,
    0x00, 0x03, 0x00, 0x14, 0x00, 0x00, 0x02, 0xEE, 0x03, 0x87, 0x00, 0x07, 0x00, 0x0A, 0x00, 0x0E,
    0x00, 0x00, 0x09, 0x01, 0x23, 0x27, 0x21, 0x07, 0x23, 0x01, 0x13, 0x0B, 0x01, 0x13, 0x23, 0x37,
    0x17, 0x01, 0xBA, 0x01, 0x34, 0x82, 0x47, 0xFE, 0xB1, 0x44, 0x7E, 0x01, 0x34, 0xAE, 0x78, 0x77,
    0xB6, 0x66, 0x6A, 0x76, 0x02, 0xBB, 0xFD, 0x45, 0x9F, 0x9F, 0x02, 0xBB, 0xFE, 0x51, 0x01, 0x0D,
    0xFE, 0xF3, 0x01, 0xEA, 0x91, 0x31, 0x00, 0x00, 0x00, 0x03, 0x00, 0x14, 0x00, 0x00, 0x02, 0xEE,
    0x03, 0x92, 0x00, 0x07, 0x00, 0x0A, 0x00, 0x11, 0x00, 0x00, 0x09, 0x01, 0x23, 0x27, 0x21, 0x07,
    0x23, 0x01, 0x13, 0x0B, 0x01, 0x13, 0x27, 0x07, 0x23, 0x37, 0x33, 0x17, 0x01, 0xBA, 0x01, 0x34,
    0x82, 0x47, 0xFE, 0xB1, 0x44, 0x7E, 0x01, 0x34, 0xAE, 0x78, 0x77, 0xCE, 0x57, 0x57, 0x57, 0x7A,
    0x66, 0x79, 0x02, 0xBB, 0xFD, 0x45, 0x9F, 0x9F, 0x02, 0xBB, 0xFE, 0x51, 0x01, 0x0D, 0xFE, 0xF3,
    0x01, 0xEA, 0x4E, 0x4E, 0x9C, 0x9C, 0x00, 0x00, 0x00, 0x03, 0x00, 0x14, 0x00, 0x00, 0x02, 0xEE,
    0x03, 0x7D, 0x00, 0x07, 0x00, 0x0A, 0x00, 0x1E, 0x00, 0x00, 0x09, 0x01, 0x23, 0x27, 0x21, 0x07,
    0x23, 0x01, 0x13, 0x0B, 0x01, 0x01, 0x14, 0x06, 0x23, 0x22, 0x2E, 0x01, 0x22, 0x06, 0x07, 0x23,
    0x34, 0x36, 0x33, 0x32, 0x1E, 0x01, 0x32, 0x36, 0x37, 0x01, 0xBA, 0x01, 0x34, 0x82, 0x47, 0xFE,
    0xB1, 0x44, 0x7E, 0x01, 0x34, 0xAE, 0x78, 0x77, 0x01, 0x30, 0x3A, 0x2F, 0x1B, 0x2A, 0x43, 0x20,
    0x12, 0x04, 0x4D, 0x3A, 0x2F, 0x1B, 0x29, 0x43, 0x21, 0x12, 0x04, 0x02, 0xBB, 0xFD, 0x45, 0x9F,
    0x9F, 0x02, 0xBB, 0xFE, 0x51, 0x01, 0x0D, 0xFE, 0xF3, 0x02, 0x6E, 0x41, 0x47, 0x12, 0x28, 0x19,
    0x1E, 0x41, 0x47, 0x11, 0x29, 0x19, 0x1E, 0x00, 0x00, 0x04, 0x00, 0x14, 0x00, 0x00, 0x02, 0xEE,
    0x03, 0x6C, 0x00, 0x07, 0x00, 0x0A, 0x00, 0x12, 0x00, 0x1A, 0x00, 0x00, 0x09, 0x01, 0x23, 0x27,
    0x21, 0x07, 0x23, 0x01, 0x13, 0x0B, 0x01, 0x02, 0x34, 0x36, 0x32, 0x16, 0x14, 0x06, 0x22, 0x36,
    0x26, 0x34, 0x36, 0x32, 0x16, 0x14, 0x06, 0x01, 0xBA, 0x01, 0x34, 0x82, 0x47, 0xFE, 0xB1, 0x44,
    0x7E, 0x01, 0x34, 0xAE, 0x78, 0x77, 0x20, 0x23, 0x34, 0x24, 0x24, 0x34, 0xBA, 0x24, 0x24, 0x33,
    0x24, 0x25, 0x02, 0xBB, 0xFD, 0x45, 0x9F, 0x9F, 0x02, 0xBB, 0xFE, 0x51, 0x01, 0x0D, 0xFE, 0xF3,
    0x02, 0x08, 0x34, 0x23, 0x23, 0x34, 0x24, 0x01, 0x24, 0x33, 0x24, 0x23, 0x33, 0x25, 0x00, 0x00,
    0x00, 0x04, 0x00, 0x14, 0x00, 0x00, 0x02, 0xEE, 0x03, 0xBE, 0x00, 0x07, 0x00, 0x0F, 0x00, 0x17,
    0x00, 0x1A, 0x00, 0x00, 0x00, 0x14, 0x06, 0x22, 0x26, 0x34, 0x36, 0x32, 0x06, 0x36, 0x34, 0x26,
    0x22, 0x06, 0x14, 0x16, 0x17, 0x01, 0x23, 0x27, 0x21, 0x07, 0x23, 0x01, 0x13, 0x0B, 0x01, 0x01,
    0xF0, 0x42, 0x56, 0x41, 0x41, 0x56, 0x12, 0x1E, 0x1E, 0x31, 0x1F, 0x1F, 0x4F, 0x01, 0x34, 0x82,
    0x47, 0xFE, 0xB1, 0x44, 0x7E, 0x01, 0x34, 0xAE, 0x78, 0x77, 0x03, 0x7F, 0x54, 0x3E, 0x3E, 0x54,
    0x3F, 0xA0, 0x1F, 0x31, 0x1F, 0x1F, 0x31, 0x1F, 0x63, 0xFD, 0x45, 0x9F, 0x9F, 0x02, 0xBB, 0xFE,
    0x51, 0x01, 0x0D, 0xFE, 0xF3, 0x00, 0x00, 0x00, 0x00, 0x02, 0x00, 0x0C, 0x00, 0x00, 0x03, 0xF1,
    0x02, 0xBB, 0x00, 0x0F, 0x00, 0x13, 0x00, 0x00, 0x01, 0x15, 0x21, 0x15, 0x21, 0x15, 0x21, 0x15,
    0x21, 0x15, 0x21, 0x35, 0x23, 0x07, 0x23, 0x01, 0x13, 0x11, 0x23, 0x03, 0x03, 0xE5, 0xFE, 0x8B,
    0x01, 0x4F, 0xFE, 0xB1, 0x01, 0x81, 0xFD, 0xFE, 0xFD, 0x55, 0x91, 0x01, 0x6E, 0x75, 0x1D, 0xA7,
    0x02, 0xBB, 0x6E, 0xC0, 0x67, 0xB8, 0x6E, 0x9F, 0x9F, 0x02, 0xBB, 0xFE, 0x55, 0x01, 0x3D, 0xFE,
    0xC3, 0x00, 0x00, 0x00, 0x00, 0x01, 0x00, 0x30, 0xFF, 0x2C, 0x02, 0xB7, 0x02, 0xCC, 0x00, 0x24,
    0x00, 0x00, 0x25, 0x32, 0x36, 0x37, 0x17, 0x06, 0x0F, 0x01, 0x16, 0x15, 0x14, 0x06, 0x22, 0x27,
    0x37, 0x16, 0x32, 0x36, 0x34, 0x26, 0x22, 0x07, 0x37, 0x2E, 0x01, 0x10, 0x36, 0x20, 0x17, 0x07,
    0x2E, 0x01, 0x23, 0x22, 0x06, 0x14, 0x16, 0x01, 0x9C, 0x3D, 0x58, 0x30, 0x4C, 0x69, 0x91, 0x10,
    0x46, 0x3E, 0x5F, 0x24, 0x1A, 0x13, 0x27, 0x16, 0x17, 0x23, 0x0C, 0x21, 0x8A, 0xB3, 0xD5, 0x01,
    0x45, 0x6D, 0x4B, 0x32, 0x59, 0x3C, 0x6A, 0x90, 0x8F, 0x6B, 0x29, 0x2D, 0x4E, 0x73, 0x07, 0x1F,
    0x09, 0x46, 0x26, 0x39, 0x16, 0x39, 0x0A, 0x17, 0x20, 0x19, 0x05, 0x3F, 0x0F, 0xC7, 0x01, 0x2B,
    0xD0, 0x78, 0x52, 0x30, 0x26, 0x89, 0xD5, 0x8F, 0x00, 0x02, 0x00, 0x64, 0x00, 0x00, 0x02, 0x5B,
    0x03, 0x86, 0x00, 0x0B, 0x00, 0x0F, 0x00, 0x00, 0x01, 0x15, 0x21, 0x15, 0x21, 0x15, 0x21, 0x15,
    0x21, 0x15, 0x21, 0x11, 0x25, 0x23, 0x27, 0x37, 0x02, 0x4F, 0xFE, 0x8B, 0x01, 0x4F, 0xFE, 0xB1,
    0x01, 0x81, 0xFE, 0x09, 0x01, 0x44, 0x66, 0x7A, 0x76, 0x02, 0xBB, 0x6E, 0xC0, 0x67, 0xB8, 0x6E,
    0x02, 0xBB, 0x3A, 0x60, 0x31, 0x00, 0x00, 0x00, 0x00, 0x02, 0x00, 0x64, 0x00, 0x00, 0x02, 0x5B,
    0x03, 0x86, 0x00, 0x0B, 0x00, 0x0F, 0x00, 0x00, 0x01, 0x15, 0x21, 0x15, 0x21, 0x15, 0x21, 0x15,
    0x21, 0x15, 0x21, 0x11, 0x25, 0x23, 0x37, 0x17, 0x02, 0x4F, 0xFE, 0x8B, 0x01, 0x4F, 0xFE, 0xB1,
    0x01, 0x81, 0xFE, 0x09, 0x01, 0x1E, 0x66, 0x6A, 0x76, 0x02, 0xBB, 0x6F, 0xB9, 0x69, 0xBB, 0x6F,
    0x02, 0xBB, 0x3A, 0x91, 0x31, 0x00, 0x00, 0x00, 0x00, 0x02, 0x00, 0x64, 0x00, 0x00, 0x02, 0x5B,
    0x03, 0x91, 0x00, 0x0B, 0x00, 0x12, 0x00, 0x00, 0x01, 0x15, 0x21, 0x15, 0x21, 0x15, 0x21, 0x15,
    0x21, 0x15, 0x21, 0x11, 0x25, 0x27, 0x07, 0x23, 0x37, 0x33, 0x17, 0x02, 0x4F, 0xFE, 0x8B, 0x01,
    0x4F, 0xFE, 0xB1, 0x01, 0x81, 0xFE, 0x09, 0x01, 0x4D, 0x57, 0x57, 0x57, 0x7A, 0x66, 0x79, 0x02,
    0xBB, 0x6E, 0xC0, 0x67, 0xB8, 0x6E, 0x02, 0xBB, 0x3A, 0x4E, 0x4E, 0x9C, 0x9C, 0x00, 0x00, 0x00,
    0x00, 0x03, 0x00, 0x64, 0x00, 0x00, 0x02, 0x5B, 0x03, 0x64, 0x00, 0x0B, 0x00, 0x13, 0x00, 0x1B,
    0x00, 0x00, 0x01, 0x15, 0x21, 0x15, 0x21, 0x15, 0x21, 0x15, 0x21, 0x15, 0x21, 0x11, 0x36, 0x34,
    0x36, 0x32, 0x16, 0x14, 0x06, 0x22, 0x36, 0x26, 0x34, 0x36, 0x32, 0x16, 0x14, 0x06, 0x02, 0x4F,
    0xFE, 0x8B, 0x01, 0x4F, 0xFE, 0xB1, 0x01, 0x81, 0xFE, 0x09, 0x64, 0x24, 0x33, 0x24, 0x25, 0x33,
    0xBA, 0x24, 0x24, 0x33, 0x24, 0x24, 0x02, 0xBB, 0x6F, 0xB9, 0x69, 0xBB, 0x6F, 0x02, 0xBB, 0x51,
    0x34, 0x23, 0x23, 0x34, 0x24, 0x01, 0x24, 0x33, 0x24, 0x23, 0x33, 0x25, 0x00, 0x02, 0xFF, 0xF4,
    0x00, 0x00, 0x00, 0xDA, 0x03, 0x86, 0x00, 0x03, 0x00, 0x07, 0x00, 0x00, 0x13, 0x33, 0x11, 0x23,
    0x13, 0x23, 0x27, 0x37, 0x64, 0x76, 0x76, 0x70, 0x66, 0x7A, 0x76, 0x02, 0xBB, 0xFD, 0x45, 0x02,
    0xF5, 0x60, 0x31, 0x00, 0x00, 0x02, 0x00, 0x64, 0x00, 0x00, 0x01, 0x4B, 0x03, 0x86, 0x00, 0x03,
    0x00, 0x07, 0x00, 0x00, 0x13, 0x33, 0x11, 0x23, 0x13, 0x23, 0x37, 0x17, 0x64, 0x76, 0x76, 0x6D,
    0x66, 0x6A, 0x76, 0x02, 0xBB, 0xFD, 0x45, 0x02, 0xF5, 0x91, 0x31, 0x00, 0x00, 0x02, 0xFF, 0xEF,
    0x00, 0x00, 0x01, 0x48, 0x03, 0x91, 0x00, 0x06, 0x00, 0x0A, 0x00, 0x00, 0x13, 0x27, 0x07, 0x23,
    0x37, 0x33, 0x17, 0x07, 0x33, 0x11, 0x23, 0xF4, 0x57, 0x57, 0x57, 0x7A, 0x66, 0x79, 0xE4, 0x76,
    0x76, 0x02, 0xF5, 0x4E, 0x4E, 0x9C, 0x9C, 0x3A, 0xFD, 0x45, 0x00, 0x00, 0x00, 0x03, 0x00, 0x0A,
    0x00, 0x00, 0x01, 0x3E, 0x03, 0x62, 0x00, 0x03, 0x00, 0x0B, 0x00, 0x13, 0x00, 0x00, 0x13, 0x33,
    0x11, 0x23, 0x02, 0x34, 0x36, 0x32, 0x16, 0x14, 0x06, 0x22, 0x36, 0x26, 0x34, 0x36, 0x32, 0x16,
    0x14, 0x06, 0x66, 0x76, 0x76, 0x5C, 0x24, 0x33, 0x24, 0x25, 0x33, 0xBA, 0x24, 0x24, 0x33, 0x24,
    0x24, 0x02, 0xBB, 0xFD, 0x45, 0x03, 0x0A, 0x34, 0x23, 0x23, 0x34, 0x24, 0x01, 0x24, 0x33, 0x24,
    0x23, 0x33, 0x25, 0x00, 0x00, 0x02, 0x00, 0x1F, 0x00, 0x00, 0x02, 0xE4, 0x02, 0xBB, 0x00, 0x0B,
    0x00, 0x17, 0x00, 0x00, 0x13, 0x35, 0x33, 0x11, 0x33, 0x32, 0x16, 0x10, 0x06, 0x2B, 0x01, 0x11,
    0x25, 0x34, 0x21, 0x23, 0x15, 0x33, 0x15, 0x23, 0x15, 0x33, 0x32, 0x36, 0x1F, 0x4F, 0xF0, 0xBC,
    0xCA, 0xC4, 0xCA, 0xE8, 0x01, 0xFF, 0xFE, 0xED, 0x76, 0xFA, 0xFA, 0x83, 0x7F, 0x87, 0x01, 0x26,
    0x69, 0x01, 0x2C, 0xB7, 0xFE, 0xBA, 0xBE, 0x01, 0x26, 0x38, 0xF0, 0xBF, 0x69, 0xB7, 0x79, 0x00,
    0x00, 0x02, 0x00, 0x64, 0x00, 0x00, 0x02, 0xE6, 0x03, 0x7D, 0x00, 0x09, 0x00, 0x1D, 0x00, 0x00,
    0x25, 0x11, 0x33, 0x11, 0x23, 0x01, 0x11, 0x23, 0x11, 0x33, 0x25, 0x14, 0x06, 0x23, 0x22, 0x2E,
    0x01, 0x22, 0x06, 0x07, 0x23, 0x34, 0x36, 0x33, 0x32, 0x1E, 0x01, 0x32, 0x36, 0x37, 0x02, 0x70,
    0x76, 0x80, 0xFE, 0x74, 0x76, 0x76, 0x01, 0x86, 0x3A, 0x2F, 0x1B, 0x2A, 0x43, 0x20, 0x12, 0x04,
    0x4D, 0x3A, 0x2F, 0x1B, 0x29, 0x43, 0x21, 0x12, 0x04, 0xB1, 0x02, 0x0A, 0xFD, 0x45, 0x01, 0xFE,
    0xFE, 0x02, 0x02, 0xBB, 0xBF, 0x41, 0x47, 0x12, 0x28, 0x19, 0x1E, 0x41, 0x47, 0x11, 0x29, 0x19,
    0x1E, 0x00, 0x00, 0x00, 0x00, 0x03, 0x00, 0x30, 0xFF, 0xF9, 0x03, 0x10, 0x03, 0x86, 0x00, 0x07,
    0x00, 0x0F, 0x00, 0x13, 0x00, 0x00, 0x00, 0x22, 0x06, 0x14, 0x16, 0x32, 0x36, 0x34, 0x02, 0x20,
    0x26, 0x10, 0x36, 0x20, 0x16, 0x10, 0x01, 0x23, 0x27, 0x37, 0x02, 0x08, 0xD0, 0x8F, 0x8F, 0xD0,
    0x8F, 0x5B, 0xFE, 0xC8, 0xD4, 0xD4, 0x01, 0x38, 0xD4, 0xFE, 0xE0, 0x66, 0x7A, 0x76, 0x02, 0x60,
    0x94, 0xD3, 0x94, 0x94, 0xD3, 0xFE, 0x2D, 0xCF, 0x01, 0x35, 0xCF, 0xCF, 0xFE, 0xCB, 0x02, 0x2D,
    0x60, 0x31, 0x00, 0x00, 0x00, 0x03, 0x00, 0x30, 0xFF, 0xF9, 0x03, 0x10, 0x03, 0x86, 0x00, 0x07,
    0x00, 0x0F, 0x00, 0x13, 0x00, 0x00, 0x00, 0x22, 0x06, 0x14, 0x16, 0x32, 0x36, 0x34, 0x02, 0x20,
    0x26, 0x10, 0x36, 0x20, 0x16, 0x10, 0x01, 0x23, 0x37, 0x17, 0x02, 0x08, 0xD0, 0x8F, 0x8F, 0xD0,
    0x8F, 0x5B, 0xFE, 0xC8, 0xD4, 0xD4, 0x01, 0x38, 0xD4, 0xFE, 0xA6, 0x66, 0x6A, 0x76, 0x02, 0x60,
    0x94, 0xD3, 0x94, 0x94, 0xD3, 0xFE, 0x2D, 0xCF, 0x01, 0x35, 0xCF, 0xCF, 0xFE, 0xCB, 0x02, 0x2D,
    0x91, 0x31, 0x00, 0x00, 0x00, 0x03, 0x00, 0x30, 0xFF, 0xF9, 0x03, 0x10, 0x03, 0x91, 0x00, 0x06,
    0x00, 0x0E, 0x00, 0x16, 0x00, 0x00, 0x01, 0x27, 0x07, 0x23, 0x37, 0x33, 0x17, 0x06, 0x22, 0x06,
    0x14, 0x16, 0x32, 0x36, 0x34, 0x02, 0x20, 0x26, 0x10, 0x36, 0x20, 0x16, 0x10, 0x01, 0xF1, 0x57,
    0x57, 0x57, 0x7A, 0x66, 0x79, 0x3D, 0xD0, 0x8F, 0x8F, 0xD0, 0x8F, 0x5B, 0xFE, 0xC8, 0xD4, 0xD4,
    0x01, 0x38, 0xD4, 0x02, 0xF5, 0x4E, 0x4E, 0x9C, 0x9C, 0x95, 0x94, 0xD3, 0x94, 0x94, 0xD3, 0xFE,
    0x2D, 0xCF, 0x01, 0x35, 0xCF, 0xCF, 0xFE, 0xCB, 0x00, 0x03, 0x00, 0x30, 0xFF, 0xF9, 0x03, 0x10,
    0x03, 0x7D, 0x00, 0x07, 0x00, 0x0F, 0x00, 0x23, 0x00, 0x00, 0x00, 0x22, 0x06, 0x14, 0x16, 0x32,
    0x36, 0x34, 0x02, 0x20, 0x26, 0x10, 0x36, 0x20, 0x16, 0x10, 0x03, 0x14, 0x06, 0x23, 0x22, 0x2E,
    0x01, 0x23, 0x22, 0x07, 0x23, 0x34, 0x36, 0x33, 0x32, 0x1E, 0x01, 0x32, 0x36, 0x37, 0x02, 0x08,
    0xD0, 0x8F, 0x8F, 0xD0, 0x8F, 0x5B, 0xFE, 0xC8, 0xD4, 0xD4, 0x01, 0x38, 0xD4, 0xC1, 0x3A, 0x2F,
    0x1B, 0x2A, 0x44, 0x0F, 0x1F, 0x07, 0x4D, 0x3A, 0x2F, 0x1B, 0x29, 0x43, 0x21, 0x12, 0x04, 0x02,
    0x60, 0x94, 0xD3, 0x94, 0x94, 0xD3, 0xFE, 0x2D, 0xCF, 0x01, 0x35, 0xCF, 0xCF, 0xFE, 0xCB, 0x02,
    0xB2, 0x41, 0x47, 0x12, 0x28, 0x37, 0x41, 0x47, 0x11, 0x29, 0x19, 0x1E, 0x00, 0x04, 0x00, 0x30,
    0xFF, 0xF9, 0x03, 0x10, 0x03, 0x6C, 0x00, 0x07, 0x00, 0x0F, 0x00, 0x17, 0x00, 0x1F, 0x00, 0x00,
    0x00, 0x22, 0x06, 0x14, 0x16, 0x32, 0x36, 0x34, 0x02, 0x20, 0x26, 0x10, 0x36, 0x20, 0x16, 0x10,
    0x00, 0x34, 0x36, 0x32, 0x16, 0x14, 0x06, 0x22, 0x36, 0x26, 0x34, 0x36, 0x32, 0x16, 0x14, 0x06,
    0x02, 0x08, 0xD0, 0x8F, 0x8F, 0xD0, 0x8F, 0x5B, 0xFE, 0xC8, 0xD4, 0xD4, 0x01, 0x38, 0xD4, 0xFD,
    0xF5, 0x23, 0x34, 0x24, 0x24, 0x34, 0xBA, 0x24, 0x24, 0x33, 0x24, 0x25, 0x02, 0x60, 0x94, 0xD3,
    0x94, 0x94, 0xD3, 0xFE, 0x2D, 0xCF, 0x01, 0x35, 0xCF, 0xCF, 0xFE, 0xCB, 0x02, 0x4C, 0x34, 0x23,
    0x23, 0x34, 0x24, 0x01, 0x24, 0x33, 0x24, 0x23, 0x33, 0x25, 0x00, 0x00, 0x00, 0x01, 0xFF, 0xFA,
    0x00, 0x52, 0x02, 0x1F, 0x02, 0x77, 0x00, 0x0B, 0x00, 0x00, 0x01, 0x37, 0x17, 0x07, 0x17, 0x07,
    0x27, 0x07, 0x27, 0x37, 0x27, 0x37, 0x01, 0x0D, 0xD3, 0x3F, 0xD2, 0xD2, 0x3F, 0xD3, 0xD3, 0x40,
    0xD3, 0xD3, 0x40, 0x01, 0xA3, 0xD4, 0x40, 0xD2, 0xD3, 0x40, 0xD3, 0xD3, 0x40, 0xD3, 0xD2, 0x40,
    0x00, 0x03, 0x00, 0x30, 0xFF, 0x8B, 0x03, 0x10, 0x03, 0x2B, 0x00, 0x15, 0x00, 0x1E, 0x00, 0x27,
    0x00, 0x00, 0x01, 0x33, 0x07, 0x1E, 0x01, 0x15, 0x14, 0x06, 0x23, 0x22, 0x27, 0x07, 0x23, 0x37,
    0x2E, 0x01, 0x35, 0x34, 0x36, 0x33, 0x32, 0x17, 0x07, 0x22, 0x06, 0x15, 0x14, 0x16, 0x17, 0x13,
    0x26, 0x17, 0x34, 0x26, 0x27, 0x03, 0x16, 0x33, 0x32, 0x36, 0x02, 0x46, 0x64, 0x46, 0x4F, 0x5D,
    0xD4, 0x9C, 0x3A, 0x33, 0x3A, 0x64, 0x4B, 0x52, 0x5E, 0xD4, 0x9C, 0x3A, 0x38, 0x72, 0x68, 0x8F,
    0x37, 0x30, 0xD3, 0x1F, 0xD3, 0x35, 0x2E, 0xD2, 0x20, 0x1E, 0x68, 0x8F, 0x03, 0x2B, 0x95, 0x2F,
    0xA2, 0x62, 0x9B, 0xCF, 0x0F, 0x7D, 0xA0, 0x2F, 0xA4, 0x65, 0x9A, 0xCF, 0x11, 0x5B, 0x94, 0x6A,
    0x3F, 0x6D, 0x23, 0x01, 0xC4, 0x09, 0xFE, 0x3D, 0x6C, 0x23, 0xFE, 0x3F, 0x08, 0x94, 0x00, 0x00,
    0x00, 0x02, 0x00, 0x50, 0xFF, 0xF5, 0x02, 0x9E, 0x03, 0x86, 0x00, 0x0F, 0x00, 0x13, 0x00, 0x00,
    0x01, 0x11, 0x14, 0x06, 0x22, 0x26, 0x35, 0x11, 0x33, 0x11, 0x14, 0x16, 0x32, 0x36, 0x35, 0x11,
    0x27, 0x23, 0x27, 0x37, 0x02, 0x9E, 0xA6, 0xFD, 0xAB, 0x77, 0x5F, 0xA4, 0x5E, 0x59, 0x66, 0x7A,
    0x76, 0x02, 0xBC, 0xFE, 0x73, 0x97, 0xA3, 0xA3, 0x91, 0x01, 0x93, 0xFE, 0x7D, 0x62, 0x73, 0x6F,
    0x61, 0x01, 0x88, 0x39, 0x60, 0x31, 0x00, 0x00, 0x00, 0x02, 0x00, 0x50, 0xFF, 0xF5, 0x02, 0x9E,
    0x03, 0x87, 0x00, 0x0F, 0x00, 0x13, 0x00, 0x00, 0x01, 0x11, 0x14, 0x06, 0x22, 0x26, 0x35, 0x11,
    0x33, 0x11, 0x14, 0x16, 0x32, 0x36, 0x35, 0x11, 0x27, 0x23, 0x37, 0x17, 0x02, 0x9E, 0xA6, 0xFD,
    0xAB, 0x77, 0x5F, 0xA4, 0x5E, 0x92, 0x66, 0x6A, 0x76, 0x02, 0xBC, 0xFE, 0x73, 0x97, 0xA3, 0xA3,
    0x91, 0x01, 0x93, 0xFE, 0x7D, 0x62, 0x73, 0x6F, 0x61, 0x01, 0x88, 0x3A, 0x91, 0x31, 0x00, 0x00,
    0x00, 0x02, 0x00, 0x4A, 0xFF, 0xF5, 0x02, 0x98, 0x03, 0x91, 0x00, 0x06, 0x00, 0x16, 0x00, 0x00,
    0x01, 0x27, 0x07, 0x23, 0x37, 0x33, 0x1F, 0x01, 0x11, 0x14, 0x06, 0x22, 0x26, 0x35, 0x11, 0x33,
    0x11, 0x14, 0x16, 0x32, 0x36, 0x35, 0x11, 0x01, 0xCB, 0x57, 0x57, 0x57, 0x7A, 0x66, 0x79, 0x79,
    0xA6, 0xFD, 0xAB, 0x77, 0x5F, 0xA4, 0x5E, 0x02, 0xF5, 0x4E, 0x4E, 0x9C, 0x9C, 0x39, 0xFE, 0x73,
    0x97, 0xA3, 0xA3, 0x91, 0x01, 0x93, 0xFE, 0x7D, 0x62, 0x73, 0x6F, 0x61, 0x01, 0x88, 0x00, 0x00,
    0x00, 0x03, 0x00, 0x55, 0xFF, 0xF8, 0x02, 0xA0, 0x03, 0x80, 0x00, 0x0F, 0x00, 0x17, 0x00, 0x1F,
    0x00, 0x00, 0x01, 0x11, 0x14, 0x06, 0x20, 0x26, 0x35, 0x11, 0x33, 0x11, 0x14, 0x16, 0x32, 0x36,
    0x35, 0x11, 0x24, 0x26, 0x34, 0x36, 0x32, 0x16, 0x14, 0x06, 0x36, 0x26, 0x34, 0x36, 0x32, 0x16,
    0x14, 0x06, 0x02, 0xA0, 0x9C, 0xFE, 0xEB, 0x9A, 0x76, 0x5E, 0xA5, 0x5C, 0xFE, 0xD0, 0x29, 0x29,
    0x3B, 0x29, 0x2A, 0x9B, 0x2A, 0x2A, 0x3B, 0x29, 0x2A, 0x02, 0xBB, 0xFE, 0x75, 0x99, 0x9F, 0x9D,
    0x95, 0x01, 0x91, 0xFE, 0x75, 0x60, 0x6A, 0x66, 0x5F, 0x01, 0x90, 0x35, 0x29, 0x3C, 0x29, 0x29,
    0x3B, 0x2A, 0x01, 0x2A, 0x3B, 0x2A, 0x2A, 0x3B, 0x2A, 0x00, 0x00, 0x00, 0x00, 0x02, 0x00, 0x19,
    0x00, 0x00, 0x02, 0x99, 0x03, 0x77, 0x00, 0x08, 0x00, 0x0C, 0x00, 0x00, 0x01, 0x33, 0x01, 0x11,
    0x23, 0x11, 0x01, 0x33, 0x1B, 0x01, 0x23, 0x37, 0x17, 0x02, 0x18, 0x81, 0xFE, 0xFA, 0x76, 0xFE,
    0xFC, 0x81, 0xBF, 0x2C, 0x66, 0x6A, 0x76, 0x02, 0xBB, 0xFE, 0x59, 0xFE, 0xEC, 0x01, 0x14, 0x01,
    0xA7, 0xFE, 0xC2, 0x01, 0x69, 0x91, 0x31, 0x00, 0x00, 0x02, 0x00, 0x20, 0x00, 0x00, 0x02, 0x41,
    0x02, 0xBB, 0x00, 0x0B, 0x00, 0x13, 0x00, 0x00, 0x01, 0x14, 0x06, 0x2B, 0x01, 0x15, 0x23, 0x11,
    0x33, 0x15, 0x33, 0x20, 0x02, 0x36, 0x34, 0x26, 0x2B, 0x01, 0x11, 0x33, 0x02, 0x41, 0x9E, 0x9B,
    0x72, 0x76, 0x76, 0x70, 0x01, 0x3B, 0xC9, 0x50, 0x62, 0x62, 0x6E, 0x7F, 0x01, 0x71, 0x85, 0x77,
    0x75, 0x02, 0xBB, 0x58, 0xFE, 0x7D, 0x4D, 0x8E, 0x3D, 0xFE, 0xE8, 0x00, 0x00, 0x01, 0x00, 0x5D,
    0x00, 0x00, 0x02, 0x69, 0x02, 0xF5, 0x00, 0x29, 0x00, 0x00, 0x01, 0x35, 0x3E, 0x01, 0x34, 0x26,
    0x23, 0x22, 0x06, 0x15, 0x11, 0x23, 0x11, 0x34, 0x3E, 0x03, 0x37, 0x36, 0x32, 0x16, 0x17, 0x16,
    0x15, 0x14, 0x07, 0x1E, 0x01, 0x15, 0x14, 0x06, 0x2B, 0x01, 0x35, 0x33, 0x32, 0x36, 0x34, 0x26,
    0x23, 0x22, 0x01, 0x3D, 0x48, 0x46, 0x35, 0x39, 0x4C, 0x3E, 0x76, 0x0D, 0x11, 0x18, 0x26, 0x17,
    0x36, 0x90, 0x62, 0x18, 0x2D, 0x68, 0x4A, 0x4A, 0x84, 0x7B, 0x29, 0x16, 0x4B, 0x51, 0x50, 0x43,
    0x17, 0x01, 0x42, 0x5D, 0x0B, 0x45, 0x5B, 0x42, 0x5E, 0x5C, 0xFE, 0x2E, 0x01, 0xC8, 0x48, 0x3B,
    0x34, 0x25, 0x28, 0x0C, 0x1D, 0x28, 0x21, 0x3C, 0x46, 0x67, 0x41, 0x08, 0x68, 0x44, 0x5E, 0x70,
    0x62, 0x31, 0x77, 0x39, 0x00, 0x03, 0x00, 0x3C, 0xFF, 0xF8, 0x02, 0x13, 0x02, 0xE9, 0x00, 0x15,
    0x00, 0x1E, 0x00, 0x22, 0x00, 0x00, 0x21, 0x23, 0x35, 0x06, 0x23, 0x22, 0x26, 0x34, 0x36, 0x3B,
    0x01, 0x35, 0x34, 0x23, 0x22, 0x07, 0x27, 0x36, 0x33, 0x32, 0x16, 0x15, 0x07, 0x35, 0x23, 0x22,
    0x15, 0x14, 0x16, 0x32, 0x36, 0x03, 0x23, 0x27, 0x37, 0x02, 0x13, 0x66, 0x42, 0x6F, 0x53, 0x6D,
    0x74, 0x63, 0x91, 0x76, 0x4A, 0x50, 0x32, 0x61, 0x7B, 0x5E, 0x77, 0x70, 0x7E, 0x79, 0x3C, 0x6B,
    0x50, 0x23, 0x66, 0x7A, 0x76, 0x47, 0x4F, 0x5E, 0x9D, 0x4E, 0x14, 0x6A, 0x36, 0x46, 0x4D, 0x5F,
    0x66, 0x91, 0x2D, 0x4C, 0x27, 0x29, 0x3C, 0x01, 0xC5, 0x60, 0x31, 0x00, 0x00, 0x03, 0x00, 0x3C,
    0xFF, 0xF8, 0x02, 0x13, 0x02, 0xE8, 0x00, 0x15, 0x00, 0x1E, 0x00, 0x22, 0x00, 0x00, 0x21, 0x23,
    0x35, 0x06, 0x23, 0x22, 0x26, 0x34, 0x36, 0x3B, 0x01, 0x35, 0x34, 0x23, 0x22, 0x07, 0x27, 0x36,
    0x33, 0x32, 0x16, 0x15, 0x07, 0x35, 0x23, 0x22, 0x15, 0x14, 0x16, 0x32, 0x36, 0x03, 0x23, 0x37,
    0x17, 0x02, 0x13, 0x66, 0x42, 0x6F, 0x53, 0x6D, 0x74, 0x63, 0x91, 0x76, 0x4A, 0x50, 0x32, 0x61,
    0x7B, 0x5E, 0x77, 0x70, 0x7E, 0x79, 0x3C, 0x6B, 0x50, 0x44, 0x66, 0x6A, 0x76, 0x47, 0x4F, 0x5E,
    0x9D, 0x4E, 0x14, 0x6A, 0x36, 0x46, 0x4D, 0x5F, 0x66, 0x91, 0x2D, 0x4C, 0x27, 0x29, 0x3C, 0x01,
    0xC4, 0x91, 0x31, 0x00, 0x00, 0x03, 0x00, 0x3C, 0xFF, 0xF8, 0x02, 0x13, 0x02, 0xF5, 0x00, 0x15,
    0x00, 0x1E, 0x00, 0x25, 0x00, 0x00, 0x21, 0x23, 0x35, 0x06, 0x23, 0x22, 0x26, 0x34, 0x36, 0x3B,
    0x01, 0x35, 0x34, 0x23, 0x22, 0x07, 0x27, 0x36, 0x33, 0x32, 0x16, 0x15, 0x07, 0x35, 0x23, 0x22,
    0x15, 0x14, 0x16, 0x32, 0x36, 0x03, 0x27, 0x07, 0x23, 0x37, 0x33, 0x17, 0x02, 0x13, 0x66, 0x42,
    0x6F, 0x53, 0x6D, 0x74, 0x63, 0x91, 0x76, 0x4A, 0x50, 0x32, 0x61, 0x7B, 0x5E, 0x77, 0x70, 0x7E,
    0x79, 0x3C, 0x6B, 0x50, 0x28, 0x57, 0x57, 0x57, 0x7A, 0x66, 0x79, 0x47, 0x4F, 0x5E, 0x9D, 0x4E,
    0x14, 0x6A, 0x36, 0x46, 0x4D, 0x5F, 0x66, 0x91, 0x2D, 0x4C, 0x27, 0x29, 0x3C, 0x01, 0xC6, 0x4E,
    0x4E, 0x9C, 0x9C, 0x00, 0x00, 0x03, 0x00, 0x3C, 0xFF, 0xF8, 0x02, 0x13, 0x02, 0xCC, 0x00, 0x15,
    0x00, 0x1E, 0x00, 0x34, 0x00, 0x00, 0x21, 0x23, 0x35, 0x06, 0x23, 0x22, 0x26, 0x34, 0x36, 0x3B,
    0x01, 0x35, 0x34, 0x23, 0x22, 0x07, 0x27, 0x36, 0x33, 0x32, 0x16, 0x15, 0x07, 0x35, 0x23, 0x22,
    0x15, 0x14, 0x16, 0x32, 0x36, 0x13, 0x14, 0x06, 0x23, 0x22, 0x26, 0x27, 0x26, 0x23, 0x22, 0x07,
    0x23, 0x34, 0x36, 0x33, 0x32, 0x16, 0x17, 0x16, 0x33, 0x32, 0x37, 0x02, 0x13, 0x66, 0x42, 0x6F,
    0x53, 0x6D, 0x74, 0x63, 0x91, 0x76, 0x4A, 0x50, 0x32, 0x61, 0x7B, 0x5E, 0x77, 0x70, 0x7E, 0x79,
    0x3C, 0x6B, 0x50, 0x28, 0x32, 0x28, 0x18, 0x24, 0x24, 0x15, 0x0D, 0x1C, 0x05, 0x42, 0x32, 0x28,
    0x17, 0x24, 0x25, 0x16, 0x0B, 0x1D, 0x05, 0x47, 0x4F, 0x5E, 0x9D, 0x4E, 0x14, 0x6A, 0x36, 0x46,
    0x4D, 0x5F, 0x66, 0x91, 0x2D, 0x4C, 0x27, 0x29, 0x3C, 0x02, 0x37, 0x38, 0x3D, 0x0F, 0x17, 0x0C,
    0x2F, 0x37, 0x3D, 0x0F, 0x17, 0x0C, 0x30, 0x00, 0x00, 0x04, 0x00, 0x3C, 0xFF, 0xF8, 0x02, 0x13,
    0x02, 0xD0, 0x00, 0x15, 0x00, 0x1E, 0x00, 0x26, 0x00, 0x2E, 0x00, 0x00, 0x21, 0x23, 0x35, 0x06,
    0x23, 0x22, 0x26, 0x34, 0x36, 0x3B, 0x01, 0x35, 0x34, 0x23, 0x22, 0x07, 0x27, 0x36, 0x33, 0x32,
    0x16, 0x15, 0x07, 0x35, 0x23, 0x22, 0x15, 0x14, 0x16, 0x32, 0x36, 0x00, 0x34, 0x36, 0x32, 0x16,
    0x14, 0x06, 0x22, 0x36, 0x26, 0x34, 0x36, 0x32, 0x16, 0x14, 0x06, 0x02, 0x13, 0x66, 0x42, 0x6F,
    0x53, 0x6D, 0x74, 0x63, 0x91, 0x76, 0x4A, 0x50, 0x32, 0x61, 0x7B, 0x5E, 0x77, 0x70, 0x7E, 0x79,
    0x3C, 0x6B, 0x50, 0xFE, 0xF5, 0x24, 0x33, 0x24, 0x25, 0x33, 0xBA, 0x24, 0x24, 0x33, 0x24, 0x24,
    0x47, 0x4F, 0x5E, 0x9D, 0x4E, 0x14, 0x6A, 0x36, 0x46, 0x4D, 0x5F, 0x66, 0x91, 0x2D, 0x4C, 0x27,
    0x29, 0x3C, 0x01, 0xE5, 0x34, 0x23, 0x23, 0x34, 0x24, 0x01, 0x24, 0x33, 0x24, 0x23, 0x33, 0x25,
    0x00, 0x04, 0x00, 0x3C, 0xFF, 0xF8, 0x02, 0x13, 0x03, 0x0F, 0x00, 0x15, 0x00, 0x1E, 0x00, 0x26,
    0x00, 0x2E, 0x00, 0x00, 0x21, 0x23, 0x35, 0x06, 0x23, 0x22, 0x26, 0x34, 0x36, 0x3B, 0x01, 0x35,
    0x34, 0x23, 0x22, 0x07, 0x27, 0x36, 0x33, 0x32, 0x16, 0x15, 0x07, 0x35, 0x23, 0x22, 0x15, 0x14,
    0x16, 0x32, 0x36, 0x02, 0x16, 0x14, 0x06, 0x22, 0x26, 0x34, 0x36, 0x16, 0x34, 0x26, 0x22, 0x06,
    0x14, 0x16, 0x32, 0x02, 0x13, 0x66, 0x42, 0x6F, 0x53, 0x6D, 0x74, 0x63, 0x91, 0x76, 0x4A, 0x50,
    0x32, 0x61, 0x7B, 0x5E, 0x77, 0x70, 0x7E, 0x79, 0x3C, 0x6B, 0x50, 0x4D, 0x3C, 0x3C, 0x4E, 0x3A,
    0x3B, 0x58, 0x1B, 0x2C, 0x1C, 0x1C, 0x2B, 0x47, 0x4F, 0x5E, 0x9D, 0x4E, 0x14, 0x6A, 0x36, 0x46,
    0x4D, 0x5F, 0x66, 0x91, 0x2D, 0x4C, 0x27, 0x29, 0x3C, 0x02, 0x7C, 0x39, 0x4D, 0x37, 0x37, 0x4D,
    0x39, 0x75, 0x2C, 0x1C, 0x1C, 0x2C, 0x1C, 0x00, 0x00, 0x03, 0x00, 0x60, 0xFF, 0xF8, 0x03, 0xC2,
    0x02, 0x1C, 0x00, 0x20, 0x00, 0x2B, 0x00, 0x32, 0x00, 0x00, 0x25, 0x21, 0x15, 0x1E, 0x01, 0x33,
    0x32, 0x37, 0x17, 0x06, 0x20, 0x27, 0x06, 0x23, 0x22, 0x26, 0x34, 0x36, 0x3B, 0x01, 0x35, 0x34,
    0x23, 0x22, 0x07, 0x27, 0x36, 0x32, 0x17, 0x36, 0x32, 0x16, 0x15, 0x05, 0x35, 0x23, 0x22, 0x07,
    0x06, 0x15, 0x14, 0x16, 0x32, 0x36, 0x00, 0x22, 0x06, 0x07, 0x15, 0x05, 0x26, 0x03, 0xC2, 0xFE,
    0x75, 0x09, 0x57, 0x39, 0x5A, 0x34, 0x40, 0x56, 0xFE, 0xFF, 0x4A, 0x4F, 0x84, 0x54, 0x76, 0x73,
    0x64, 0x91, 0x76, 0x4A, 0x50, 0x32, 0x61, 0xF5, 0x36, 0x4A, 0xD7, 0x8F, 0xFE, 0x05, 0x7E, 0x5D,
    0x13, 0x09, 0x3C, 0x6B, 0x50, 0x01, 0x3D, 0x70, 0x55, 0x08, 0x01, 0x1B, 0x04, 0xE6, 0x17, 0x37,
    0x40, 0x3F, 0x46, 0x59, 0x5E, 0x5E, 0x5F, 0x9C, 0x4A, 0x18, 0x6A, 0x36, 0x46, 0x4D, 0x48, 0x48,
    0x83, 0x73, 0x60, 0x20, 0x1C, 0x0E, 0x15, 0x27, 0x29, 0x3C, 0x01, 0x29, 0x3F, 0x37, 0x09, 0x01,
    0x3F, 0x00, 0x00, 0x00, 0x00, 0x01, 0x00, 0x3B, 0xFF, 0x2C, 0x02, 0x2A, 0x02, 0x1C, 0x00, 0x20,
    0x00, 0x00, 0x25, 0x06, 0x0F, 0x01, 0x16, 0x15, 0x14, 0x06, 0x22, 0x27, 0x37, 0x16, 0x32, 0x36,
    0x34, 0x26, 0x22, 0x07, 0x37, 0x2E, 0x01, 0x34, 0x36, 0x32, 0x17, 0x07, 0x26, 0x22, 0x06, 0x14,
    0x16, 0x32, 0x37, 0x02, 0x2A, 0x56, 0x72, 0x10, 0x46, 0x3E, 0x5F, 0x24, 0x1A, 0x13, 0x27, 0x16,
    0x17, 0x22, 0x0D, 0x21, 0x60, 0x81, 0xA7, 0xF0, 0x53, 0x42, 0x45, 0x8C, 0x67, 0x65, 0x96, 0x42,
    0x5A, 0x57, 0x0A, 0x1F, 0x09, 0x46, 0x26, 0x39, 0x16, 0x39, 0x0A, 0x17, 0x20, 0x19, 0x05, 0x40,
    0x0F, 0x91, 0xE7, 0x99, 0x53, 0x51, 0x3C, 0x5D, 0x93, 0x66, 0x44, 0x00, 0x00, 0x03, 0x00, 0x32,
    0xFF, 0xF8, 0x02, 0x43, 0x02, 0xE9, 0x00, 0x10, 0x00, 0x16, 0x00, 0x1A, 0x00, 0x00, 0x25, 0x21,
    0x1E, 0x01, 0x33, 0x32, 0x37, 0x17, 0x06, 0x23, 0x22, 0x26, 0x34, 0x36, 0x32, 0x16, 0x15, 0x25,
    0x21, 0x34, 0x26, 0x22, 0x06, 0x37, 0x23, 0x27, 0x37, 0x02, 0x43, 0xFE, 0x5F, 0x04, 0x62, 0x3F,
    0x64, 0x34, 0x40, 0x56, 0x8A, 0x70, 0x9D, 0xA0, 0xD9, 0x98, 0xFE, 0x5F, 0x01, 0x31, 0x54, 0x7B,
    0x62, 0xF0, 0x66, 0x7A, 0x76, 0xD9, 0x3A, 0x47, 0x3F, 0x46, 0x59, 0x95, 0xFB, 0x94, 0x83, 0x73,
    0x0B, 0x43, 0x48, 0x4B, 0xE7, 0x60, 0x31, 0x00, 0x00, 0x03, 0x00, 0x32, 0xFF, 0xF8, 0x02, 0x43,
    0x02, 0xEB, 0x00, 0x10, 0x00, 0x16, 0x00, 0x1A, 0x00, 0x00, 0x25, 0x21, 0x1E, 0x01, 0x33, 0x32,
    0x37, 0x17, 0x06, 0x23, 0x22, 0x26, 0x34, 0x36, 0x32, 0x16, 0x15, 0x25, 0x21, 0x34, 0x26, 0x22,
    0x06, 0x37, 0x23, 0x37, 0x17, 0x02, 0x43, 0xFE, 0x5F, 0x04, 0x62, 0x3F, 0x64, 0x34, 0x40, 0x56,
    0x8A, 0x70, 0x9D, 0xA0, 0xD9, 0x98, 0xFE, 0x5F, 0x01, 0x31, 0x54, 0x7B, 0x62, 0xCC, 0x66, 0x6A,
    0x76, 0xD9, 0x3A, 0x47, 0x3F, 0x46, 0x59, 0x95, 0xFB, 0x94, 0x83, 0x73, 0x0B, 0x43, 0x48, 0x4B,
    0xE9, 0x91, 0x31, 0x00, 0x00, 0x03, 0x00, 0x32, 0xFF, 0xF8, 0x02, 0x43, 0x02, 0xF5, 0x00, 0x06,
    0x00, 0x17, 0x00, 0x1D, 0x00, 0x00, 0x01, 0x27, 0x07, 0x23, 0x37, 0x33, 0x17, 0x13, 0x21, 0x1E,
    0x01, 0x33, 0x32, 0x37, 0x17, 0x06, 0x23, 0x22, 0x26, 0x34, 0x36, 0x32, 0x16, 0x15, 0x25, 0x21,
    0x34, 0x26, 0x22, 0x06, 0x01, 0x97, 0x57, 0x57, 0x57, 0x7A, 0x66, 0x79, 0x58, 0xFE, 0x5F, 0x04,
    0x62, 0x3F, 0x64, 0x34, 0x40, 0x56, 0x8A, 0x70, 0x9D, 0xA0, 0xD9, 0x98, 0xFE, 0x5F, 0x01, 0x31,
    0x54, 0x7B, 0x62, 0x02, 0x59, 0x4E, 0x4E, 0x9C, 0x9C, 0xFE, 0x80, 0x3A, 0x47, 0x3F, 0x46, 0x59,
    0x95, 0xFB, 0x94, 0x83, 0x73, 0x0B, 0x43, 0x48, 0x4B, 0x00, 0x00, 0x00, 0x00, 0x04, 0x00, 0x32,
    0xFF, 0xF8, 0x02, 0x43, 0x02, 0xD1, 0x00, 0x10, 0x00, 0x16, 0x00, 0x1E, 0x00, 0x26, 0x00, 0x00,
    0x25, 0x21, 0x1E, 0x01, 0x33, 0x32, 0x37, 0x17, 0x06, 0x23, 0x22, 0x26, 0x34, 0x36, 0x32, 0x16,
    0x15, 0x25, 0x21, 0x34, 0x26, 0x22, 0x06, 0x36, 0x26, 0x34, 0x36, 0x32, 0x16, 0x14, 0x06, 0x36,
    0x26, 0x34, 0x36, 0x32, 0x16, 0x14, 0x06, 0x02, 0x43, 0xFE, 0x5F, 0x04, 0x62, 0x3F, 0x64, 0x34,
    0x40, 0x56, 0x8A, 0x70, 0x9D, 0xA0, 0xD9, 0x98, 0xFE, 0x5F, 0x01, 0x31, 0x54, 0x7B, 0x62, 0x1F,
    0x23, 0x24, 0x33, 0x24, 0x25, 0x87, 0x24, 0x24, 0x33, 0x24, 0x24, 0xD9, 0x3A, 0x47, 0x3F, 0x46,
    0x59, 0x95, 0xFB, 0x94, 0x83, 0x73, 0x0B, 0x43, 0x48, 0x4B, 0xE4, 0x24, 0x33, 0x24, 0x23, 0x33,
    0x25, 0x01, 0x24, 0x33, 0x24, 0x23, 0x34, 0x24, 0x00, 0x02, 0xFF, 0xE8, 0x00, 0x00, 0x00, 0xCA,
    0x02, 0xE9, 0x00, 0x03, 0x00, 0x07, 0x00, 0x00, 0x13, 0x33, 0x11, 0x23, 0x13, 0x23, 0x27, 0x37,
    0x5A, 0x70, 0x70, 0x6E, 0x66, 0x7A, 0x76, 0x02, 0x14, 0xFD, 0xEC, 0x02, 0x58, 0x60, 0x31, 0x00,
    0x00, 0x02, 0x00, 0x5A, 0x00, 0x00, 0x01, 0x38, 0x02, 0xE4, 0x00, 0x03, 0x00, 0x07, 0x00, 0x00,
    0x13, 0x33, 0x11, 0x23, 0x13, 0x23, 0x37, 0x17, 0x5A, 0x70, 0x70, 0x64, 0x5E, 0x6A, 0x6E, 0x02,
    0x14, 0xFD, 0xEC, 0x02, 0x58, 0x8C, 0x31, 0x00, 0x00, 0x02, 0xFF, 0xE1, 0x00, 0x00, 0x01, 0x3A,
    0x02, 0xF5, 0x00, 0x06, 0x00, 0x0A, 0x00, 0x00, 0x13, 0x27, 0x07, 0x23, 0x37, 0x33, 0x17, 0x07,
    0x33, 0x11, 0x23, 0xE6, 0x57, 0x57, 0x57, 0x7A, 0x66, 0x79, 0xDF, 0x70, 0x70, 0x02, 0x59, 0x4E,
    0x4E, 0x9C, 0x9C, 0x45, 0xFD, 0xEC, 0x00, 0x00, 0x00, 0x03, 0xFF, 0xF8, 0x00, 0x00, 0x01, 0x2C,
    0x02, 0xCD, 0x00, 0x03, 0x00, 0x0B, 0x00, 0x13, 0x00, 0x00, 0x13, 0x33, 0x11, 0x23, 0x02, 0x26,
    0x34, 0x36, 0x32, 0x16, 0x14, 0x06, 0x36, 0x26, 0x34, 0x36, 0x32, 0x16, 0x14, 0x06, 0x5A, 0x70,
    0x70, 0x3F, 0x23, 0x24, 0x33, 0x24, 0x25, 0x87, 0x24, 0x24, 0x33, 0x24, 0x24, 0x02, 0x14, 0xFD,
    0xEC, 0x02, 0x51, 0x24, 0x33, 0x24, 0x23, 0x33, 0x25, 0x01, 0x24, 0x33, 0x24, 0x23, 0x34, 0x24,
    0x00, 0x02, 0x00, 0x42, 0xFF, 0xF8, 0x02, 0x33, 0x02, 0xF5, 0x00, 0x18, 0x00, 0x20, 0x00, 0x00,
    0x01, 0x26, 0x27, 0x07, 0x27, 0x37, 0x26, 0x27, 0x37, 0x16, 0x17, 0x37, 0x17, 0x07, 0x16, 0x15,
    0x14, 0x06, 0x22, 0x26, 0x34, 0x36, 0x33, 0x32, 0x17, 0x02, 0x16, 0x32, 0x36, 0x34, 0x26, 0x22,
    0x06, 0x01, 0x9F, 0x26, 0x55, 0x5D, 0x39, 0x5E, 0x02, 0x47, 0x5F, 0x24, 0x25, 0x55, 0x3B, 0x58,
    0xB0, 0x82, 0xE0, 0x8F, 0x8C, 0x63, 0x47, 0x25, 0xEE, 0x4D, 0x7D, 0x4D, 0x4D, 0x7D, 0x4D, 0x01,
    0xB5, 0x3F, 0x55, 0x3B, 0x36, 0x3C, 0x03, 0x3B, 0x37, 0x1C, 0x23, 0x36, 0x36, 0x39, 0xBF, 0xB3,
    0x7B, 0x98, 0x86, 0xD3, 0x87, 0x25, 0xFE, 0xFA, 0x53, 0x53, 0x75, 0x54, 0x54, 0x00, 0x00, 0x00,
    0x00, 0x02, 0x00, 0x50, 0x00, 0x00, 0x02, 0x3A, 0x02, 0xCC, 0x00, 0x15, 0x00, 0x28, 0x00, 0x00,
    0x01, 0x14, 0x06, 0x23, 0x22, 0x26, 0x27, 0x26, 0x23, 0x22, 0x07, 0x23, 0x34, 0x36, 0x33, 0x32,
    0x16, 0x17, 0x16, 0x33, 0x32, 0x37, 0x03, 0x11, 0x23, 0x11, 0x33, 0x15, 0x3E, 0x01, 0x33, 0x32,
    0x16, 0x15, 0x11, 0x23, 0x11, 0x34, 0x23, 0x22, 0x06, 0x01, 0xEE, 0x32, 0x28, 0x18, 0x24, 0x24,
    0x15, 0x0D, 0x1C, 0x05, 0x42, 0x32, 0x28, 0x17, 0x24, 0x25, 0x16, 0x0B, 0x1D, 0x05, 0xEC, 0x70,
    0x70, 0x1B, 0x5F, 0x37, 0x5A, 0x6F, 0x70, 0x7A, 0x3A, 0x56, 0x02, 0xCA, 0x38, 0x3D, 0x0F, 0x17,
    0x0C, 0x2F, 0x37, 0x3D, 0x0F, 0x17, 0x0C, 0x30, 0xFE, 0x56, 0xFE, 0xE0, 0x02, 0x14, 0x61, 0x31,
    0x38, 0x6E, 0x68, 0xFE, 0xBA, 0x01, 0x24, 0x93, 0x4D, 0x00, 0x00, 0x00, 0x00, 0x03, 0x00, 0x32,
    0xFF, 0xF8, 0x02, 0x62, 0x02, 0xE9, 0x00, 0x07, 0x00, 0x0F, 0x00, 0x13, 0x00, 0x00, 0x24, 0x32,
    0x36, 0x34, 0x26, 0x22, 0x06, 0x14, 0x04, 0x22, 0x26, 0x34, 0x36, 0x32, 0x16, 0x14, 0x03, 0x23,
    0x27, 0x37, 0x01, 0x01, 0x92, 0x5F, 0x5F, 0x92, 0x5F, 0x01, 0x20, 0xF0, 0xA0, 0xA0, 0xF0, 0xA0,
    0xD7, 0x66, 0x7A, 0x76, 0x5C, 0x61, 0x9A, 0x61, 0x61, 0x9A, 0xC5, 0x9F, 0xE6, 0x9F, 0x9F, 0xE6,
    0x01, 0xC1, 0x60, 0x31, 0x00, 0x03, 0x00, 0x32, 0xFF, 0xF8, 0x02, 0x62, 0x02, 0xE9, 0x00, 0x07,
    0x00, 0x0F, 0x00, 0x13, 0x00, 0x00, 0x24, 0x32, 0x36, 0x34, 0x26, 0x22, 0x06, 0x14, 0x04, 0x22,
    0x26, 0x34, 0x36, 0x32, 0x16, 0x14, 0x03, 0x23, 0x37, 0x17, 0x01, 0x01, 0x92, 0x5F, 0x5F, 0x92,
    0x5F, 0x01, 0x20, 0xF0, 0xA0, 0xA0, 0xF0, 0xA0, 0xE9, 0x66, 0x6A, 0x76, 0x5C, 0x61, 0x9A, 0x61,
    0x61, 0x9A, 0xC5, 0x9F, 0xE6, 0x9F, 0x9F, 0xE6, 0x01, 0xC1, 0x91, 0x31, 0x00, 0x03, 0x00, 0x32,
    0xFF, 0xF8, 0x02, 0x62, 0x02, 0xF5, 0x00, 0x06, 0x00, 0x0E, 0x00, 0x16, 0x00, 0x00, 0x01, 0x27,
    0x07, 0x23, 0x37, 0x33, 0x17, 0x02, 0x32, 0x36, 0x34, 0x26, 0x22, 0x06, 0x14, 0x04, 0x22, 0x26,
    0x34, 0x36, 0x32, 0x16, 0x14, 0x01, 0xA0, 0x57, 0x57, 0x57, 0x7A, 0x66, 0x79, 0xF3, 0x92, 0x5F,
    0x5F, 0x92, 0x5F, 0x01, 0x20, 0xF0, 0xA0, 0xA0, 0xF0, 0xA0, 0x02, 0x59, 0x4E, 0x4E, 0x9C, 0x9C,
    0xFE, 0x03, 0x61, 0x9A, 0x61, 0x61, 0x9A, 0xC5, 0x9F, 0xE6, 0x9F, 0x9F, 0xE6, 0x00, 0x00, 0x00,
    0x00, 0x03, 0x00, 0x32, 0xFF, 0xF8, 0x02, 0x62, 0x02, 0xCC, 0x00, 0x15, 0x00, 0x1D, 0x00, 0x25,
    0x00, 0x00, 0x01, 0x14, 0x06, 0x23, 0x22, 0x26, 0x27, 0x26, 0x23, 0x22, 0x07, 0x23, 0x34, 0x36,
    0x33, 0x32, 0x16, 0x17, 0x16, 0x33, 0x32, 0x37, 0x02, 0x32, 0x36, 0x34, 0x26, 0x22, 0x06, 0x14,
    0x04, 0x22, 0x26, 0x34, 0x36, 0x32, 0x16, 0x14, 0x01, 0xD5, 0x32, 0x28, 0x18, 0x24, 0x24, 0x15,
    0x0D, 0x1C, 0x05, 0x42, 0x32, 0x28, 0x17, 0x24, 0x25, 0x16, 0x0B, 0x1D, 0x05, 0x92, 0x92, 0x5F,
    0x5F, 0x92, 0x5F, 0x01, 0x20, 0xF0, 0xA0, 0xA0, 0xF0, 0xA0, 0x02, 0xCA, 0x38, 0x3D, 0x0F, 0x17,
    0x0C, 0x2F, 0x37, 0x3D, 0x0F, 0x17, 0x0C, 0x30, 0xFD, 0x92, 0x61, 0x9A, 0x61, 0x61, 0x9A, 0xC5,
    0x9F, 0xE6, 0x9F, 0x9F, 0xE6, 0x00, 0x00, 0x00, 0x00, 0x04, 0x00, 0x32, 0xFF, 0xF8, 0x02, 0x62,
    0x02, 0xCE, 0x00, 0x07, 0x00, 0x0F, 0x00, 0x17, 0x00, 0x1F, 0x00, 0x00, 0x24, 0x32, 0x36, 0x34,
    0x26, 0x22, 0x06, 0x14, 0x04, 0x22, 0x26, 0x34, 0x36, 0x32, 0x16, 0x14, 0x00, 0x34, 0x36, 0x32,
    0x16, 0x14, 0x06, 0x22, 0x36, 0x26, 0x34, 0x36, 0x32, 0x16, 0x14, 0x06, 0x01, 0x01, 0x92, 0x5F,
    0x5F, 0x92, 0x5F, 0x01, 0x20, 0xF0, 0xA0, 0xA0, 0xF0, 0xA0, 0xFE, 0x57, 0x23, 0x34, 0x24, 0x24,
    0x34, 0xBA, 0x24, 0x24, 0x33, 0x24, 0x25, 0x5C, 0x61, 0x9A, 0x61, 0x61, 0x9A, 0xC5, 0x9F, 0xE6,
    0x9F, 0x9F, 0xE6, 0x01, 0xDF, 0x34, 0x23, 0x23, 0x34, 0x24, 0x01, 0x24, 0x33, 0x24, 0x23, 0x33,
    0x25, 0x00, 0x00, 0x00, 0x00, 0x03, 0x00, 0x4C, 0x00, 0x62, 0x02, 0x24, 0x02, 0x5A, 0x00, 0x07,
    0x00, 0x0F, 0x00, 0x13, 0x00, 0x00, 0x36, 0x34, 0x36, 0x32, 0x16, 0x14, 0x06, 0x22, 0x02, 0x34,
    0x36, 0x32, 0x16, 0x14, 0x06, 0x22, 0x07, 0x21, 0x15, 0x21, 0xED, 0x2B, 0x3E, 0x2C, 0x2C, 0x3E,
    0x2B, 0x2B, 0x3E, 0x2C, 0x2C, 0x3E, 0xCC, 0x01, 0xD8, 0xFE, 0x28, 0x8E, 0x3E, 0x2B, 0x2B, 0x3E,
    0x2C, 0x01, 0x8F, 0x3E, 0x2B, 0x2B, 0x3E, 0x2C, 0x3A, 0x58, 0x00, 0x00, 0x00, 0x03, 0x00, 0x32,
    0xFF, 0x97, 0x02, 0x62, 0x02, 0x6E, 0x00, 0x15, 0x00, 0x1C, 0x00, 0x23, 0x00, 0x00, 0x05, 0x22,
    0x27, 0x07, 0x23, 0x37, 0x2E, 0x01, 0x35, 0x34, 0x36, 0x33, 0x32, 0x17, 0x37, 0x33, 0x07, 0x1E,
    0x01, 0x15, 0x14, 0x06, 0x02, 0x06, 0x14, 0x17, 0x13, 0x26, 0x23, 0x11, 0x32, 0x36, 0x34, 0x27,
    0x03, 0x16, 0x01, 0x4A, 0x22, 0x22, 0x31, 0x64, 0x41, 0x3C, 0x44, 0xA0, 0x78, 0x29, 0x27, 0x2B,
    0x64, 0x3D, 0x37, 0x3F, 0xA0, 0xC1, 0x5F, 0x3C, 0x90, 0x0F, 0x15, 0x49, 0x5F, 0x33, 0x8D, 0x08,
    0x08, 0x08, 0x69, 0x8A, 0x25, 0x7B, 0x49, 0x73, 0x9F, 0x0B, 0x5D, 0x82, 0x26, 0x76, 0x46, 0x73,
    0x9F, 0x01, 0xC0, 0x61, 0xA5, 0x32, 0x01, 0x34, 0x04, 0xFE, 0xA4, 0x61, 0x9D, 0x31, 0xFE, 0xD2,
    0x01, 0x00, 0x00, 0x00, 0x00, 0x02, 0x00, 0x50, 0xFF, 0xF8, 0x02, 0x33, 0x02, 0xE9, 0x00, 0x11,
    0x00, 0x15, 0x00, 0x00, 0x25, 0x11, 0x33, 0x11, 0x23, 0x35, 0x06, 0x23, 0x22, 0x26, 0x35, 0x11,
    0x33, 0x11, 0x14, 0x16, 0x33, 0x32, 0x03, 0x23, 0x27, 0x37, 0x01, 0xC2, 0x71, 0x6F, 0x39, 0x6D,
    0x51, 0x7D, 0x6E, 0x49, 0x38, 0x83, 0x38, 0x66, 0x7A, 0x76, 0xF4, 0x01, 0x1D, 0xFD, 0xEF, 0x4C,
    0x54, 0x71, 0x65, 0x01, 0x43, 0xFE, 0xD7, 0x41, 0x48, 0x01, 0xF9, 0x60, 0x31, 0x00, 0x00, 0x00,
    0x00, 0x02, 0x00, 0x49, 0xFF, 0xF8, 0x02, 0x33, 0x02, 0xEB, 0x00, 0x12, 0x00, 0x16, 0x00, 0x00,
    0x25, 0x11, 0x33, 0x11, 0x23, 0x35, 0x0E, 0x01, 0x23, 0x22, 0x26, 0x35, 0x11, 0x33, 0x11, 0x14,
    0x33, 0x32, 0x36, 0x03, 0x23, 0x37, 0x17, 0x01, 0xC3, 0x70, 0x70, 0x1B, 0x5F, 0x37, 0x5A, 0x6F,
    0x70, 0x7A, 0x3A, 0x56, 0x65, 0x66, 0x6A, 0x76, 0xF4, 0x01, 0x20, 0xFD, 0xEC, 0x61, 0x31, 0x38,
    0x6E, 0x68, 0x01, 0x46, 0xFE, 0xDC, 0x93, 0x4D, 0x01, 0xB0, 0x91, 0x31, 0x00, 0x02, 0x00, 0x49,
    0xFF, 0xF8, 0x02, 0x33, 0x02, 0xF5, 0x00, 0x06, 0x00, 0x19, 0x00, 0x00, 0x01, 0x27, 0x07, 0x23,
    0x37, 0x33, 0x17, 0x03, 0x11, 0x33, 0x11, 0x23, 0x35, 0x0E, 0x01, 0x23, 0x22, 0x26, 0x35, 0x11,
    0x33, 0x11, 0x14, 0x33, 0x32, 0x36, 0x01, 0x98, 0x57, 0x57, 0x57, 0x7A, 0x66, 0x79, 0x29, 0x70,
    0x70, 0x1B, 0x5F, 0x37, 0x5A, 0x6F, 0x70, 0x7A, 0x3A, 0x56, 0x02, 0x59, 0x4E, 0x4E, 0x9C, 0x9C,
    0xFE, 0x9B, 0x01, 0x20, 0xFD, 0xEC, 0x61, 0x31, 0x38, 0x6E, 0x68, 0x01, 0x46, 0xFE, 0xDC, 0x93,
    0x4D, 0x00, 0x00, 0x00, 0x00, 0x03, 0x00, 0x50, 0xFF, 0xF8, 0x02, 0x34, 0x02, 0xCE, 0x00, 0x11,
    0x00, 0x19, 0x00, 0x21, 0x00, 0x00, 0x25, 0x11, 0x33, 0x11, 0x23, 0x35, 0x06, 0x23, 0x22, 0x26,
    0x35, 0x11, 0x33, 0x11, 0x14, 0x16, 0x33, 0x32, 0x00, 0x34, 0x36, 0x32, 0x16, 0x14, 0x06, 0x22,
    0x36, 0x26, 0x34, 0x36, 0x32, 0x16, 0x14, 0x06, 0x01, 0xC3, 0x71, 0x6F, 0x39, 0x6E, 0x51, 0x7D,
    0x6F, 0x47, 0x38, 0x85, 0xFE, 0xE4, 0x23, 0x34, 0x24, 0x24, 0x34, 0xBA, 0x24, 0x24, 0x33, 0x24,
    0x25, 0xF4, 0x01, 0x1D, 0xFD, 0xEF, 0x4C, 0x54, 0x71, 0x66, 0x01, 0x42, 0xFE, 0xD6, 0x40, 0x48,
    0x02, 0x17, 0x34, 0x23, 0x23, 0x34, 0x24, 0x01, 0x24, 0x33, 0x24, 0x23, 0x33, 0x25, 0x00, 0x00,
    0x00, 0x02, 0x00, 0x30, 0xFF, 0x2C, 0x02, 0x5E, 0x03, 0x05, 0x00, 0x10, 0x00, 0x14, 0x00, 0x00,
    0x09, 0x01, 0x0E, 0x01, 0x23, 0x22, 0x27, 0x37, 0x16, 0x32, 0x36, 0x35, 0x34, 0x03, 0x33, 0x1B,
    0x01, 0x27, 0x23, 0x37, 0x17, 0x02, 0x5E, 0xFE, 0xFE, 0x17, 0x56, 0x34, 0x49, 0x3B, 0x33, 0x23,
    0x4B, 0x2F, 0xD7, 0x78, 0x9F, 0x9F, 0x94, 0x66, 0x6A, 0x76, 0x02, 0x14, 0xFD, 0x88, 0x34, 0x3C,
    0x35, 0x5B, 0x21, 0x36, 0x20, 0x0E, 0x02, 0x15, 0xFE, 0x78, 0x01, 0x88, 0x60, 0x91, 0x31, 0x00,
    0x00, 0x02, 0x00, 0x56, 0xFF, 0x3E, 0x02, 0x76, 0x02, 0xE6, 0x00, 0x14, 0x00, 0x1C, 0x00, 0x00,
    0x00, 0x16, 0x14, 0x06, 0x23, 0x22, 0x27, 0x26, 0x2F, 0x01, 0x11, 0x23, 0x11, 0x33, 0x11, 0x3E,
    0x02, 0x37, 0x36, 0x33, 0x12, 0x36, 0x34, 0x26, 0x22, 0x06, 0x14, 0x16, 0x01, 0xE6, 0x90, 0x8F,
    0x77, 0x52, 0x3D, 0x0E, 0x07, 0x06, 0x70, 0x70, 0x03, 0x09, 0x22, 0x12, 0x33, 0x39, 0x2F, 0x5D,
    0x5C, 0x88, 0x56, 0x56, 0x02, 0x1C, 0x9C, 0xEF, 0x99, 0x34, 0x0C, 0x08, 0x09, 0xFE, 0xF5, 0x03,
    0xA8, 0xFE, 0xE5, 0x03, 0x0B, 0x1C, 0x0B, 0x1C, 0xFE, 0x3F, 0x69, 0x8D, 0x69, 0x68, 0x90, 0x67,
    0x00, 0x03, 0x00, 0x30, 0xFF, 0x2C, 0x02, 0x5E, 0x02, 0xCD, 0x00, 0x10, 0x00, 0x18, 0x00, 0x20,
    0x00, 0x00, 0x09, 0x01, 0x0E, 0x01, 0x23, 0x22, 0x27, 0x37, 0x16, 0x32, 0x36, 0x35, 0x34, 0x03,
    0x33, 0x1B, 0x01, 0x24, 0x26, 0x34, 0x36, 0x32, 0x16, 0x14, 0x06, 0x36, 0x26, 0x34, 0x36, 0x32,
    0x16, 0x14, 0x06, 0x02, 0x5E, 0xFE, 0xFE, 0x17, 0x56, 0x34, 0x49, 0x3B, 0x33, 0x23, 0x4B, 0x2F,
    0xD7, 0x78, 0x9F, 0x9F, 0xFE, 0xE1, 0x23, 0x24, 0x33, 0x24, 0x25, 0x87, 0x24, 0x24, 0x33, 0x24,
    0x24, 0x02, 0x14, 0xFD, 0x88, 0x34, 0x3C, 0x35, 0x5B, 0x21, 0x36, 0x20, 0x0E, 0x02, 0x15, 0xFE,
    0x78, 0x01, 0x88, 0x3D, 0x24, 0x33, 0x24, 0x23, 0x33, 0x25, 0x01, 0x24, 0x33, 0x24, 0x23, 0x34,
    0x24, 0x00, 0x00, 0x00, 0x00, 0x01, 0x00, 0x2C, 0x00, 0x00, 0x02, 0x44, 0x02, 0xE5, 0x00, 0x1A,
    0x00, 0x00, 0x01, 0x15, 0x23, 0x15, 0x3E, 0x01, 0x33, 0x32, 0x16, 0x15, 0x11, 0x23, 0x11, 0x34,
    0x23, 0x22, 0x06, 0x15, 0x11, 0x23, 0x11, 0x23, 0x35, 0x33, 0x35, 0x33, 0x15, 0x01, 0x5F, 0x95,
    0x18, 0x61, 0x38, 0x5A, 0x6F, 0x70, 0x7A, 0x3A, 0x56, 0x70, 0x2E, 0x2E, 0x70, 0x02, 0x95, 0x57,
    0x8B, 0x31, 0x38, 0x6E, 0x68, 0xFE, 0xBA, 0x01, 0x24, 0x93, 0x4D, 0x4A, 0xFE, 0xE0, 0x02, 0x3E,
    0x57, 0x50, 0x50, 0x00, 0x00, 0x02, 0xFF, 0xEE, 0x00, 0x00, 0x01, 0x62, 0x03, 0x7D, 0x00, 0x03,
    0x00, 0x17, 0x00, 0x00, 0x13, 0x33, 0x11, 0x23, 0x13, 0x14, 0x06, 0x23, 0x22, 0x2E, 0x01, 0x23,
    0x22, 0x07, 0x23, 0x34, 0x36, 0x33, 0x32, 0x1E, 0x01, 0x32, 0x36, 0x37, 0x6E, 0x76, 0x76, 0xF4,
    0x3A, 0x2F, 0x1B, 0x2A, 0x44, 0x10, 0x1E, 0x07, 0x4D, 0x3A, 0x2F, 0x1B, 0x29, 0x43, 0x21, 0x12,
    0x04, 0x02, 0xBB, 0xFD, 0x45, 0x03, 0x7A, 0x41, 0x47, 0x12, 0x28, 0x37, 0x41, 0x47, 0x11, 0x29,
    0x19, 0x1E, 0x00, 0x00, 0x00, 0x02, 0xFF, 0xF1, 0x00, 0x00, 0x01, 0x30, 0x02, 0xCC, 0x00, 0x15,
    0x00, 0x19, 0x00, 0x00, 0x01, 0x14, 0x06, 0x23, 0x22, 0x26, 0x27, 0x26, 0x23, 0x22, 0x07, 0x23,
    0x34, 0x36, 0x33, 0x32, 0x16, 0x17, 0x16, 0x33, 0x32, 0x37, 0x07, 0x33, 0x11, 0x23, 0x01, 0x30,
    0x32, 0x28, 0x18, 0x24, 0x24, 0x15, 0x0D, 0x1C, 0x05, 0x42, 0x32, 0x28, 0x17, 0x24, 0x25, 0x16,
    0x0B, 0x1D, 0x05, 0x94, 0x70, 0x70, 0x02, 0xCA, 0x38, 0x3D, 0x0F, 0x17, 0x0C, 0x2F, 0x37, 0x3D,
    0x0F, 0x17, 0x0C, 0x30, 0xB6, 0xFD, 0xEC, 0x00, 0x00, 0x01, 0x00, 0x5A, 0x00, 0x00, 0x00, 0xCA,
    0x02, 0x14, 0x00, 0x03, 0x00, 0x00, 0x13, 0x33, 0x11, 0x23, 0x5A, 0x70, 0x70, 0x02, 0x14, 0xFD,
    0xEC, 0x00, 0x00, 0x00, 0x00, 0x04, 0x00, 0x5F, 0xFF, 0x2C, 0x02, 0x57, 0x02, 0xF5, 0x00, 0x03,
    0x00, 0x0B, 0x00, 0x13, 0x00, 0x1F, 0x00, 0x00, 0x33, 0x23, 0x11, 0x33, 0x26, 0x34, 0x36, 0x32,
    0x16, 0x14, 0x06, 0x22, 0x24, 0x34, 0x36, 0x32, 0x16, 0x14, 0x06, 0x22, 0x03, 0x11, 0x33, 0x11,
    0x14, 0x06, 0x22, 0x27, 0x37, 0x16, 0x32, 0x36, 0xDD, 0x70, 0x70, 0x7E, 0x2A, 0x3B, 0x28, 0x2A,
    0x39, 0x01, 0x41, 0x2A, 0x3B, 0x28, 0x2A, 0x39, 0x1B, 0x70, 0x65, 0x8F, 0x3B, 0x34, 0x22, 0x45,
    0x24, 0x02, 0x14, 0x7F, 0x3A, 0x28, 0x28, 0x3A, 0x2B, 0x2B, 0x3A, 0x28, 0x28, 0x3A, 0x2B, 0xFD,
    0x7F, 0x02, 0x2D, 0xFD, 0xCF, 0x54, 0x63, 0x35, 0x54, 0x21, 0x2C, 0x00, 0x00, 0x02, 0x00, 0x40,
    0xFF, 0xFA, 0x01, 0xF9, 0x03, 0xC7, 0x00, 0x0F, 0x00, 0x16, 0x00, 0x00, 0x13, 0x35, 0x21, 0x11,
    0x14, 0x06, 0x23, 0x22, 0x27, 0x37, 0x16, 0x33, 0x32, 0x36, 0x35, 0x11, 0x37, 0x27, 0x07, 0x23,
    0x37, 0x33, 0x17, 0x99, 0x01, 0x54, 0x7C, 0x61, 0x7A, 0x56, 0x43, 0x44, 0x41, 0x2E, 0x41, 0x1A,
    0x4D, 0x4D, 0x6B, 0x7A, 0x7A, 0x79, 0x02, 0x51, 0x6A, 0xFE, 0x33, 0x7A, 0x7A, 0x56, 0x5D, 0x41,
    0x3E, 0x3E, 0x01, 0x69, 0xDA, 0x49, 0x49, 0x9C, 0x9C, 0x00, 0x00, 0x00, 0x00, 0x03, 0xFF, 0xD1,
    0xFF, 0x2C, 0x01, 0x82, 0x03, 0xC8, 0x00, 0x07, 0x00, 0x13, 0x00, 0x1A, 0x00, 0x00, 0x12, 0x34,
    0x36, 0x32, 0x16, 0x14, 0x06, 0x22, 0x03, 0x11, 0x33, 0x11, 0x14, 0x06, 0x22, 0x27, 0x37, 0x16,
    0x32, 0x36, 0x13, 0x27, 0x07, 0x23, 0x37, 0x33, 0x17, 0x81, 0x2A, 0x3B, 0x28, 0x2A, 0x39, 0x1B,
    0x70, 0x65, 0x8F, 0x3B, 0x34, 0x22, 0x45, 0x24, 0x8A, 0x4D, 0x4D, 0x6B, 0x7A, 0x7A, 0x79, 0x02,
    0x93, 0x3A, 0x28, 0x28, 0x3A, 0x2B, 0xFD, 0x7F, 0x02, 0x2D, 0xFD, 0xCF, 0x54, 0x63, 0x35, 0x54,
    0x21, 0x2C, 0x03, 0x6C, 0x49, 0x49, 0x9C, 0x9C, 0x00, 0x02, 0x00, 0x5A, 0xFF, 0x2C, 0x02, 0x41,
    0x02, 0xE6, 0x00, 0x0B, 0x00, 0x1C, 0x00, 0x00, 0x01, 0x13, 0x23, 0x27, 0x07, 0x15, 0x23, 0x11,
    0x33, 0x11, 0x37, 0x33, 0x03, 0x07, 0x16, 0x15, 0x14, 0x06, 0x22, 0x27, 0x37, 0x16, 0x32, 0x36,
    0x34, 0x26, 0x22, 0x07, 0x37, 0x01, 0x68, 0xD9, 0x88, 0x9E, 0x51, 0x70, 0x70, 0xD8, 0x90, 0xD3,
    0x14, 0x46, 0x3E, 0x5F, 0x24, 0x1A, 0x13, 0x27, 0x16, 0x17, 0x23, 0x0C, 0x24, 0x01, 0x41, 0xFE,
    0xBF, 0xE9, 0x52, 0x97, 0x02, 0xE6, 0xFE, 0x4C, 0xE2, 0xFD, 0xEC, 0x26, 0x09, 0x46, 0x26, 0x39,
    0x16, 0x39, 0x0A, 0x17, 0x20, 0x19, 0x05, 0x44, 0x00, 0x01, 0x00, 0x5A, 0x00, 0x00, 0x02, 0x41,
    0x02, 0x14, 0x00, 0x0B, 0x00, 0x00, 0x01, 0x13, 0x23, 0x27, 0x07, 0x15, 0x23, 0x11, 0x33, 0x15,
    0x37, 0x33, 0x01, 0x68, 0xD9, 0x88, 0x9E, 0x51, 0x70, 0x70, 0xD8, 0x90, 0x01, 0x41, 0xFE, 0xBF,
    0xE9, 0x52, 0x97, 0x02, 0x14, 0xE2, 0xE2, 0x00, 0x00, 0x02, 0x00, 0x5A, 0x00, 0x00, 0x01, 0x9D,
    0x02, 0xE6, 0x00, 0x03, 0x00, 0x0B, 0x00, 0x00, 0x33, 0x23, 0x11, 0x33, 0x12, 0x34, 0x36, 0x32,
    0x16, 0x14, 0x06, 0x22, 0xCA, 0x70, 0x70, 0x3E, 0x2B, 0x3E, 0x2C, 0x2C, 0x3E, 0x02, 0xE6, 0xFE,
    0x3A, 0x3E, 0x2B, 0x2B, 0x3E, 0x2C, 0x00, 0x00, 0x00, 0x01, 0x00, 0x08, 0x00, 0x00, 0x02, 0x19,
    0x02, 0xBB, 0x00, 0x0D, 0x00, 0x00, 0x37, 0x35, 0x37, 0x11, 0x33, 0x11, 0x37, 0x15, 0x07, 0x15,
    0x21, 0x15, 0x21, 0x35, 0x08, 0x5C, 0x76, 0xCE, 0xCE, 0x01, 0x3F, 0xFE, 0x4B, 0xC4, 0x69, 0x1C,
    0x01, 0x72, 0xFE, 0xB3, 0x40, 0x69, 0x40, 0x95, 0x70, 0xE0, 0x00, 0x00, 0x00, 0x01, 0x00, 0x08,
    0x00, 0x00, 0x01, 0x15, 0x02, 0xBB, 0x00, 0x0B, 0x00, 0x00, 0x37, 0x35, 0x37, 0x11, 0x33, 0x11,
    0x37, 0x15, 0x07, 0x11, 0x23, 0x35, 0x08, 0x52, 0x70, 0x4B, 0x4B, 0x70, 0xD8, 0x69, 0x17, 0x01,
    0x63, 0xFE, 0xBC, 0x16, 0x69, 0x16, 0xFE, 0xF2, 0xEF, 0x00, 0x00, 0x00, 0x00, 0x02, 0x00, 0x6E,
    0x00, 0x00, 0x02, 0xF0, 0x03, 0xA4, 0x00, 0x09, 0x00, 0x0D, 0x00, 0x00, 0x25, 0x11, 0x33, 0x11,
    0x23, 0x01, 0x11, 0x23, 0x11, 0x33, 0x37, 0x23, 0x37, 0x17, 0x02, 0x7A, 0x76, 0x80, 0xFE, 0x74,
    0x76, 0x76, 0xF3, 0x66, 0x6A, 0x76, 0xB1, 0x02, 0x0A, 0xFD, 0x45, 0x01, 0xFE, 0xFE, 0x02, 0x02,
    0xBB, 0x58, 0x91, 0x31, 0x00, 0x02, 0x00, 0x5A, 0x00, 0x00, 0x02, 0x44, 0x03, 0x05, 0x00, 0x12,
    0x00, 0x16, 0x00, 0x00, 0x13, 0x11, 0x23, 0x11, 0x33, 0x15, 0x3E, 0x01, 0x33, 0x32, 0x16, 0x15,
    0x11, 0x23, 0x11, 0x34, 0x23, 0x22, 0x06, 0x13, 0x23, 0x37, 0x17, 0xCA, 0x70, 0x70, 0x1B, 0x5F,
    0x37, 0x5A, 0x6F, 0x70, 0x7A, 0x3A, 0x56, 0xA3, 0x66, 0x6A, 0x76, 0x01, 0x20, 0xFE, 0xE0, 0x02,
    0x14, 0x61, 0x31, 0x38, 0x6E, 0x68, 0xFE, 0xBA, 0x01, 0x24, 0x93, 0x4D, 0x01, 0x0A, 0x91, 0x31,
    0x00, 0x02, 0x00, 0x6B, 0x00, 0x00, 0x04, 0x37, 0x02, 0xBB, 0x00, 0x0F, 0x00, 0x17, 0x00, 0x00,
    0x01, 0x15, 0x21, 0x15, 0x21, 0x15, 0x21, 0x15, 0x21, 0x15, 0x21, 0x22, 0x26, 0x10, 0x36, 0x33,
    0x06, 0x14, 0x16, 0x3B, 0x01, 0x11, 0x23, 0x22, 0x04, 0x2B, 0xFE, 0x8B, 0x01, 0x4F, 0xFE, 0xB1,
    0x01, 0x81, 0xFD, 0x98, 0x97, 0xCD, 0xCD, 0x97, 0xE4, 0x8B, 0x64, 0x66, 0x66, 0x65, 0x02, 0xBB,
    0x6F, 0xB9, 0x69, 0xBB, 0x6F, 0xC8, 0x01, 0x2B, 0xC8, 0xF7, 0xCC, 0x91, 0x01, 0xED, 0x00, 0x00,
    0x00, 0x03, 0x00, 0x32, 0xFF, 0xF8, 0x04, 0x03, 0x02, 0x1C, 0x00, 0x1B, 0x00, 0x25, 0x00, 0x2B,
    0x00, 0x00, 0x25, 0x21, 0x1E, 0x01, 0x33, 0x32, 0x37, 0x17, 0x06, 0x23, 0x22, 0x26, 0x27, 0x06,
    0x23, 0x22, 0x26, 0x34, 0x36, 0x33, 0x32, 0x17, 0x3E, 0x01, 0x33, 0x32, 0x16, 0x15, 0x04, 0x32,
    0x36, 0x37, 0x35, 0x2E, 0x01, 0x22, 0x06, 0x14, 0x25, 0x21, 0x34, 0x26, 0x22, 0x06, 0x04, 0x03,
    0xFE, 0x5F, 0x04, 0x62, 0x3F, 0x64, 0x34, 0x40, 0x56, 0x8A, 0x41, 0x72, 0x25, 0x52, 0x8B, 0x78,
    0xA0, 0xA0, 0x78, 0x8A, 0x53, 0x26, 0x72, 0x3E, 0x6E, 0x98, 0xFC, 0xFE, 0x92, 0x5E, 0x01, 0x03,
    0x5E, 0x90, 0x5F, 0x01, 0xC0, 0x01, 0x31, 0x54, 0x7B, 0x62, 0xD9, 0x3A, 0x47, 0x3F, 0x46, 0x59,
    0x35, 0x32, 0x67, 0x9F, 0xE6, 0x9F, 0x68, 0x32, 0x36, 0x83, 0x73, 0xCA, 0x60, 0x4D, 0x08, 0x4A,
    0x5D, 0x61, 0x9A, 0x74, 0x43, 0x48, 0x4B, 0x00, 0x00, 0x03, 0x00, 0x6E, 0x00, 0x00, 0x02, 0xBC,
    0x03, 0xA4, 0x00, 0x0C, 0x00, 0x14, 0x00, 0x18, 0x00, 0x00, 0x01, 0x14, 0x07, 0x17, 0x23, 0x27,
    0x23, 0x15, 0x23, 0x11, 0x21, 0x32, 0x16, 0x06, 0x36, 0x34, 0x26, 0x2B, 0x01, 0x15, 0x33, 0x03,
    0x23, 0x37, 0x17, 0x02, 0x9C, 0x97, 0xB7, 0x96, 0xA7, 0x9B, 0x76, 0x01, 0x04, 0xA0, 0x8A, 0xC1,
    0x48, 0x4A, 0x5F, 0x96, 0x93, 0x03, 0x66, 0x6A, 0x76, 0x01, 0xD8, 0xAD, 0x2D, 0xFE, 0xEB, 0xEB,
    0x02, 0xBB, 0x6C, 0xF9, 0x3E, 0x89, 0x33, 0xFA, 0x01, 0xBD, 0x91, 0x31, 0x00, 0x03, 0x00, 0x6E,
    0xFF, 0x06, 0x02, 0xBC, 0x02, 0xBB, 0x00, 0x0C, 0x00, 0x14, 0x00, 0x18, 0x00, 0x00, 0x01, 0x14,
    0x07, 0x17, 0x23, 0x27, 0x23, 0x15, 0x23, 0x11, 0x21, 0x32, 0x16, 0x06, 0x36, 0x34, 0x26, 0x2B,
    0x01, 0x15, 0x33, 0x03, 0x37, 0x33, 0x07, 0x02, 0x9C, 0x97, 0xB7, 0x96, 0xA7, 0x9B, 0x76, 0x01,
    0x04, 0xA0, 0x8A, 0xC1, 0x48, 0x4A, 0x5F, 0x96, 0x93, 0x72, 0x41, 0x6F, 0x50, 0x01, 0xD8, 0xAD,
    0x2D, 0xFE, 0xEB, 0xEB, 0x02, 0xBB, 0x6C, 0xF9, 0x3E, 0x89, 0x33, 0xFA, 0xFD, 0xB0, 0xC3, 0xC3,
    0x00, 0x02, 0x00, 0x29, 0xFF, 0x06, 0x01, 0x77, 0x02, 0x1C, 0x00, 0x03, 0x00, 0x11, 0x00, 0x00,
    0x17, 0x37, 0x33, 0x07, 0x13, 0x17, 0x22, 0x23, 0x22, 0x06, 0x1D, 0x01, 0x23, 0x11, 0x33, 0x15,
    0x3E, 0x01, 0x29, 0x41, 0x6F, 0x50, 0xED, 0x01, 0x03, 0x03, 0x53, 0x54, 0x70, 0x70, 0x1B, 0x5D,
    0xFA, 0xC3, 0xC3, 0x03, 0x16, 0x71, 0x6C, 0x5B, 0xE4, 0x02, 0x14, 0x6B, 0x32, 0x40, 0x00, 0x00,
    0x00, 0x03, 0x00, 0x6E, 0x00, 0x00, 0x02, 0xBC, 0x03, 0x91, 0x00, 0x0C, 0x00, 0x14, 0x00, 0x1B,
    0x00, 0x00, 0x01, 0x14, 0x07, 0x17, 0x23, 0x27, 0x23, 0x15, 0x23, 0x11, 0x21, 0x32, 0x16, 0x06,
    0x36, 0x34, 0x26, 0x2B, 0x01, 0x15, 0x33, 0x03, 0x37, 0x33, 0x07, 0x23, 0x27, 0x33, 0x02, 0x9C,
    0x97, 0xB7, 0x96, 0xA7, 0x9B, 0x76, 0x01, 0x04, 0xA0, 0x8A, 0xC1, 0x48, 0x4A, 0x5F, 0x96, 0x93,
    0x11, 0x4D, 0x5E, 0x79, 0x66, 0x7A, 0x61, 0x01, 0xD8, 0xAD, 0x2D, 0xFE, 0xEB, 0xEB, 0x02, 0xBB,
    0x6C, 0xF9, 0x3E, 0x89, 0x33, 0xFA, 0x01, 0xE8, 0x53, 0x9C, 0x9C, 0x00, 0x00, 0x02, 0x00, 0x31,
    0x00, 0x00, 0x01, 0x8A, 0x02, 0xE6, 0x00, 0x0D, 0x00, 0x14, 0x00, 0x00, 0x01, 0x17, 0x22, 0x23,
    0x22, 0x06, 0x1D, 0x01, 0x23, 0x11, 0x33, 0x15, 0x3E, 0x01, 0x27, 0x37, 0x33, 0x07, 0x23, 0x27,
    0x33, 0x01, 0x76, 0x01, 0x03, 0x03, 0x53, 0x54, 0x70, 0x70, 0x1B, 0x5D, 0x63, 0x4D, 0x5E, 0x79,
    0x66, 0x7A, 0x61, 0x02, 0x1C, 0x71, 0x6C, 0x5B, 0xE4, 0x02, 0x14, 0x6B, 0x32, 0x40, 0x78, 0x53,
    0x9C, 0x9C, 0x00, 0x00, 0x00, 0x02, 0x00, 0x32, 0xFF, 0xF8, 0x02, 0x52, 0x03, 0x91, 0x00, 0x06,
    0x00, 0x22, 0x00, 0x00, 0x01, 0x37, 0x33, 0x07, 0x23, 0x27, 0x33, 0x12, 0x06, 0x14, 0x1E, 0x02,
    0x14, 0x06, 0x23, 0x22, 0x27, 0x37, 0x16, 0x33, 0x32, 0x36, 0x34, 0x2E, 0x02, 0x34, 0x36, 0x33,
    0x32, 0x17, 0x07, 0x26, 0x23, 0x01, 0x4A, 0x4D, 0x5E, 0x79, 0x66, 0x7A, 0x61, 0x0B, 0x3E, 0x43,
    0xD8, 0x6D, 0x8A, 0x71, 0xA5, 0x80, 0x4B, 0x6A, 0x73, 0x39, 0x44, 0x40, 0xD8, 0x71, 0x87, 0x6A,
    0x8F, 0x72, 0x42, 0x56, 0x6B, 0x03, 0x3E, 0x53, 0x9C, 0x9C, 0xFE, 0xD1, 0x30, 0x4F, 0x2E, 0x34,
    0x5F, 0xB8, 0x72, 0x72, 0x59, 0x5C, 0x31, 0x51, 0x2E, 0x34, 0x5A, 0xB9, 0x72, 0x4F, 0x5F, 0x40,
    0x00, 0x02, 0x00, 0x13, 0xFF, 0xF8, 0x01, 0xC0, 0x02, 0xE6, 0x00, 0x23, 0x00, 0x2A, 0x00, 0x00,
    0x24, 0x06, 0x23, 0x22, 0x26, 0x27, 0x37, 0x16, 0x33, 0x32, 0x36, 0x35, 0x34, 0x27, 0x26, 0x27,
    0x26, 0x35, 0x34, 0x36, 0x32, 0x17, 0x07, 0x26, 0x23, 0x22, 0x06, 0x15, 0x14, 0x17, 0x1E, 0x03,
    0x17, 0x16, 0x03, 0x37, 0x33, 0x07, 0x23, 0x27, 0x33, 0x01, 0xBE, 0x6E, 0x56, 0x3A, 0x7D, 0x30,
    0x36, 0x5D, 0x57, 0x26, 0x2C, 0x6A, 0x08, 0x04, 0xA6, 0x73, 0xB8, 0x52, 0x2A, 0x40, 0x4D, 0x28,
    0x32, 0x1A, 0x12, 0x41, 0x32, 0x2F, 0x1B, 0x36, 0xA9, 0x4D, 0x5E, 0x79, 0x66, 0x7A, 0x61, 0x53,
    0x5B, 0x2A, 0x26, 0x57, 0x46, 0x23, 0x1B, 0x28, 0x20, 0x03, 0x01, 0x2D, 0x69, 0x4A, 0x59, 0x36,
    0x53, 0x2B, 0x1D, 0x1D, 0x1A, 0x0C, 0x09, 0x10, 0x10, 0x14, 0x12, 0x24, 0x01, 0xA8, 0x53, 0x9C,
    0x9C, 0x00, 0x00, 0x00, 0x00, 0x03, 0x00, 0x19, 0x00, 0x00, 0x02, 0x99, 0x03, 0x62, 0x00, 0x08,
    0x00, 0x10, 0x00, 0x18, 0x00, 0x00, 0x01, 0x33, 0x01, 0x11, 0x23, 0x11, 0x01, 0x33, 0x13, 0x02,
    0x34, 0x36, 0x32, 0x16, 0x14, 0x06, 0x22, 0x36, 0x26, 0x34, 0x36, 0x32, 0x16, 0x14, 0x06, 0x02,
    0x18, 0x81, 0xFE, 0xFA, 0x76, 0xFE, 0xFC, 0x81, 0xBF, 0x96, 0x23, 0x34, 0x24, 0x24, 0x34, 0xBA,
    0x24, 0x24, 0x33, 0x24, 0x25, 0x02, 0xBB, 0xFE, 0x59, 0xFE, 0xEC, 0x01, 0x14, 0x01, 0xA7, 0xFE,
    0xC2, 0x01, 0x8D, 0x34, 0x23, 0x23, 0x34, 0x24, 0x01, 0x24, 0x33, 0x24, 0x23, 0x33, 0x25, 0x00,
    0x00, 0x02, 0x00, 0x3C, 0x00, 0x00, 0x02, 0x7D, 0x03, 0x91, 0x00, 0x0B, 0x00, 0x12, 0x00, 0x00,
    0x01, 0x21, 0x35, 0x21, 0x15, 0x01, 0x15, 0x21, 0x15, 0x21, 0x35, 0x01, 0x27, 0x37, 0x33, 0x07,
    0x23, 0x27, 0x33, 0x01, 0xD3, 0xFE, 0x76, 0x02, 0x2E, 0xFE, 0x6A, 0x01, 0x9C, 0xFD, 0xBF, 0x01,
    0x97, 0x77, 0x4D, 0x5E, 0x79, 0x66, 0x7A, 0x61, 0x02, 0x4F, 0x6C, 0x5C, 0xFE, 0x11, 0x03, 0x6D,
    0x5B, 0x01, 0xF1, 0xF2, 0x53, 0x9C, 0x9C, 0x00, 0x00, 0x02, 0x00, 0x32, 0x00, 0x00, 0x01, 0xF6,
    0x02, 0xE6, 0x00, 0x09, 0x00, 0x10, 0x00, 0x00, 0x01, 0x21, 0x35, 0x21, 0x15, 0x01, 0x21, 0x15,
    0x21, 0x35, 0x13, 0x37, 0x33, 0x07, 0x23, 0x27, 0x33, 0x01, 0x55, 0xFE, 0xF1, 0x01, 0xA0, 0xFE,
    0xD5, 0x01, 0x3B, 0xFE, 0x3C, 0xED, 0x4D, 0x5E, 0x79, 0x66, 0x7A, 0x61, 0x01, 0xB2, 0x60, 0x65,
    0xFE, 0xB4, 0x61, 0x6D, 0x02, 0x26, 0x53, 0x9C, 0x9C, 0x00, 0x00, 0x00, 0x00, 0x01, 0xFF, 0xF4,
    0xFF, 0x2C, 0x02, 0x5B, 0x02, 0xF5, 0x00, 0x1B, 0x00, 0x00, 0x01, 0x03, 0x0E, 0x01, 0x22, 0x27,
    0x37, 0x16, 0x32, 0x36, 0x37, 0x13, 0x23, 0x37, 0x33, 0x37, 0x3E, 0x01, 0x32, 0x17, 0x07, 0x26,
    0x22, 0x06, 0x0F, 0x01, 0x33, 0x07, 0x01, 0x67, 0x33, 0x0B, 0x60, 0x9A, 0x3B, 0x32, 0x26, 0x47,
    0x2B, 0x05, 0x31, 0x45, 0x0C, 0x45, 0x15, 0x0B, 0x73, 0x94, 0x34, 0x3A, 0x1C, 0x48, 0x2F, 0x05,
    0x16, 0x8F, 0x0C, 0x01, 0x45, 0xFE, 0x97, 0x4A, 0x66, 0x35, 0x54, 0x24, 0x34, 0x22, 0x01, 0x5E,
    0x5D, 0x9C, 0x54, 0x63, 0x35, 0x4F, 0x23, 0x2E, 0x25, 0x9F, 0x5D, 0x00, 0x00, 0x01, 0x00, 0x9D,
    0x02, 0xE6, 0x02, 0x0A, 0x03, 0x82, 0x00, 0x06, 0x00, 0x00, 0x01, 0x27, 0x07, 0x23, 0x37, 0x33,
    0x17, 0x01, 0xA2, 0x4D, 0x4D, 0x6B, 0x7A, 0x7A, 0x79, 0x02, 0xE6, 0x49, 0x49, 0x9C, 0x9C, 0x00,
    0x00, 0x01, 0x00, 0x93, 0x02, 0xF8, 0x01, 0xEC, 0x03, 0x94, 0x00, 0x06, 0x00, 0x00, 0x01, 0x37,
    0x33, 0x07, 0x23, 0x27, 0x33, 0x01, 0x41, 0x4D, 0x5E, 0x79, 0x66, 0x7A, 0x61, 0x03, 0x41, 0x53,
    0x9C, 0x9C, 0x00, 0x00, 0x00, 0x01, 0x00, 0xE6, 0x02, 0x42, 0x02, 0x3C, 0x02, 0xD6, 0x00, 0x09,
    0x00, 0x00, 0x01, 0x0E, 0x01, 0x22, 0x26, 0x27, 0x33, 0x16, 0x32, 0x37, 0x02, 0x3C, 0x05, 0x5D,
    0x92, 0x5D, 0x05, 0x53, 0x14, 0x88, 0x14, 0x02, 0xD6, 0x46, 0x4E, 0x4E, 0x46, 0x3F, 0x3F, 0x00,
    0x00, 0x01, 0x00, 0x5A, 0x02, 0x63, 0x00, 0xEF, 0x02, 0xF8, 0x00, 0x07, 0x00, 0x00, 0x12, 0x34,
    0x36, 0x32, 0x16, 0x14, 0x06, 0x22, 0x5A, 0x2B, 0x3E, 0x2C, 0x2C, 0x3E, 0x02, 0x8F, 0x3E, 0x2B,
    0x2B, 0x3E, 0x2C, 0x00, 0x00, 0x02, 0x00, 0xBA, 0x02, 0x56, 0x01, 0x93, 0x03, 0x27, 0x00, 0x07,
    0x00, 0x0F, 0x00, 0x00, 0x00, 0x14, 0x06, 0x22, 0x26, 0x34, 0x36, 0x32, 0x06, 0x36, 0x34, 0x26,
    0x22, 0x06, 0x14, 0x16, 0x01, 0x93, 0x42, 0x56, 0x41, 0x41, 0x56, 0x12, 0x1E, 0x1E, 0x31, 0x1F,
    0x1F, 0x02, 0xE8, 0x54, 0x3E, 0x3E, 0x54, 0x3F, 0xA0, 0x1F, 0x31, 0x1F, 0x1F, 0x31, 0x1F, 0x00,
    0x00, 0x01, 0x00, 0x12, 0xFF, 0x2C, 0x00, 0xC5, 0xFF, 0xF8, 0x00, 0x0D, 0x00, 0x00, 0x17, 0x33,
    0x07, 0x06, 0x14, 0x32, 0x37, 0x17, 0x06, 0x23, 0x22, 0x26, 0x34, 0x37, 0x47, 0x3F, 0x19, 0x17,
    0x32, 0x0D, 0x30, 0x22, 0x39, 0x24, 0x34, 0x20, 0x08, 0x29, 0x26, 0x3B, 0x18, 0x22, 0x38, 0x30,
    0x50, 0x2E, 0x00, 0x00, 0x00, 0x01, 0x00, 0xB2, 0x02, 0xE3, 0x02, 0x26, 0x03, 0x6E, 0x00, 0x14,
    0x00, 0x00, 0x01, 0x14, 0x06, 0x23, 0x22, 0x26, 0x27, 0x26, 0x23, 0x22, 0x07, 0x23, 0x34, 0x36,
    0x33, 0x32, 0x1E, 0x01, 0x32, 0x36, 0x37, 0x02, 0x26, 0x3A, 0x2F, 0x1B, 0x2A, 0x2B, 0x19, 0x10,
    0x1E, 0x07, 0x4D, 0x3A, 0x2F, 0x1B, 0x29, 0x43, 0x21, 0x12, 0x04, 0x03, 0x6B, 0x41, 0x47, 0x11,
    0x1B, 0x0E, 0x37, 0x41, 0x47, 0x11, 0x29, 0x19, 0x1E, 0x00, 0x00, 0x00, 0x00, 0x02, 0x00, 0x34,
    0x02, 0x59, 0x01, 0xD6, 0x02, 0xEA, 0x00, 0x03, 0x00, 0x07, 0x00, 0x00, 0x13, 0x23, 0x37, 0x1F,
    0x01, 0x23, 0x37, 0x17, 0x9A, 0x66, 0x6A, 0x76, 0x48, 0x66, 0x6A, 0x76, 0x02, 0x59, 0x91, 0x31,
    0x60, 0x91, 0x31, 0x00, 0x00, 0x02, 0x00, 0x14, 0x00, 0x00, 0x02, 0xEE, 0x02, 0xBB, 0x00, 0x03,
    0x00, 0x06, 0x00, 0x00, 0x09, 0x01, 0x21, 0x01, 0x03, 0x05, 0x03, 0x01, 0xBA, 0x01, 0x34, 0xFD,
    0x26, 0x01, 0x34, 0x84, 0x01, 0x7A, 0xBD, 0x02, 0xBB, 0xFD, 0x45, 0x02, 0xBB, 0xFD, 0xB4, 0x02,
    0x01, 0xAA, 0x00, 0x00, 0x00, 0x01, 0x00, 0x0D, 0x00, 0x00, 0x03, 0x2B, 0x02, 0xCC, 0x00, 0x19,
    0x00, 0x00, 0x00, 0x20, 0x16, 0x10, 0x07, 0x33, 0x15, 0x21, 0x35, 0x3E, 0x01, 0x35, 0x34, 0x26,
    0x22, 0x06, 0x15, 0x14, 0x16, 0x17, 0x15, 0x21, 0x35, 0x33, 0x26, 0x10, 0x01, 0x00, 0x01, 0x38,
    0xD4, 0x75, 0x94, 0xFE, 0xB2, 0x51, 0x65, 0x8F, 0xD0, 0x8F, 0x65, 0x51, 0xFE, 0xB2, 0x94, 0x75,
    0x02, 0xCC, 0xCF, 0xFE, 0xD9, 0x67, 0x6F, 0x6E, 0x16, 0x87, 0x57, 0x6A, 0x94, 0x94, 0x6A, 0x57,
    0x87, 0x16, 0x6E, 0x6F, 0x67, 0x01, 0x27, 0x00, 0x00, 0x01, 0x00, 0x13, 0x00, 0x00, 0x02, 0xC4,
    0x02, 0x14, 0x00, 0x18, 0x00, 0x00, 0x13, 0x07, 0x26, 0x35, 0x34, 0x36, 0x33, 0x21, 0x15, 0x23,
    0x11, 0x23, 0x11, 0x23, 0x06, 0x02, 0x07, 0x23, 0x36, 0x12, 0x37, 0x23, 0x22, 0x06, 0x14, 0x7C,
    0x54, 0x15, 0x59, 0x54, 0x02, 0x04, 0x74, 0x70, 0x99, 0x04, 0x29, 0x1A, 0x6F, 0x1B, 0x29, 0x02,
    0x10, 0x26, 0x2D, 0x01, 0x42, 0x23, 0x2A, 0x2C, 0x46, 0x59, 0x64, 0xFE, 0x50, 0x01, 0xB0, 0x63,
    0xFE, 0xF7, 0x44, 0x51, 0x01, 0x01, 0x5E, 0x28, 0x34, 0x00, 0x00, 0x00, 0x00, 0x01, 0x00, 0x35,
    0x00, 0xE2, 0x01, 0xAB, 0x01, 0x25, 0x00, 0x03, 0x00, 0x00, 0x37, 0x35, 0x21, 0x15, 0x35, 0x01,
    0x76, 0xE2, 0x43, 0x43, 0x00, 0x01, 0x00, 0x37, 0x00, 0xE3, 0x02, 0x68, 0x01, 0x25, 0x00, 0x03,
    0x00, 0x00, 0x37, 0x35, 0x21, 0x15, 0x37, 0x02, 0x31, 0xE3, 0x42, 0x42, 0x00, 0x01, 0x00, 0x17,
    0x02, 0x12, 0x00, 0x9C, 0x02, 0xBB, 0x00, 0x03, 0x00, 0x00, 0x13, 0x07, 0x23, 0x37, 0x9C, 0x35,
    0x50, 0x35, 0x02, 0xBB, 0xA9, 0xA9, 0x00, 0x00, 0x00, 0x01, 0x00, 0x17, 0x02, 0x12, 0x00, 0x9C,
    0x02, 0xBB, 0x00, 0x03, 0x00, 0x00, 0x13, 0x07, 0x23, 0x37, 0x9C, 0x35, 0x50, 0x35, 0x02, 0xBB,
    0xA9, 0xA9, 0x00, 0x00, 0x00, 0x01, 0x00, 0x28, 0xFF, 0xB0, 0x00, 0xAD, 0x00, 0x59, 0x00, 0x03,
    0x00, 0x00, 0x37, 0x07, 0x23, 0x37, 0xAD, 0x35, 0x50, 0x35, 0x59, 0xA9, 0xA9, 0x00, 0x00, 0x00,
    0x00, 0x02, 0x00, 0x17, 0x02, 0x12, 0x01, 0x34, 0x02, 0xBB, 0x00, 0x03, 0x00, 0x07, 0x00, 0x00,
    0x13, 0x07, 0x23, 0x37, 0x33, 0x07, 0x23, 0x37, 0x9C, 0x35, 0x50, 0x35, 0xE8, 0x35, 0x50, 0x35,
    0x02, 0xBB, 0xA9, 0xA9, 0xA9, 0xA9, 0x00, 0x00, 0x00, 0x02, 0x00, 0x17, 0x02, 0x12, 0x01, 0x34,
    0x02, 0xBB, 0x00, 0x03, 0x00, 0x07, 0x00, 0x00, 0x13, 0x07, 0x23, 0x37, 0x33, 0x07, 0x23, 0x37,
    0x9C, 0x35, 0x50, 0x35, 0xE8, 0x35, 0x50, 0x35, 0x02, 0xBB, 0xA9, 0xA9, 0xA9, 0xA9, 0x00, 0x00,
    0x00, 0x02, 0x00, 0x28, 0xFF, 0xB0, 0x01, 0x30, 0x00, 0x59, 0x00, 0x03, 0x00, 0x07, 0x00, 0x00,
    0x37, 0x07, 0x23, 0x37, 0x33, 0x07, 0x23, 0x37, 0xAD, 0x35, 0x50, 0x35, 0xD3, 0x35, 0x50, 0x35,
    0x59, 0xA9, 0xA9, 0xA9, 0xA9, 0x00, 0x00, 0x00, 0x00, 0x01, 0x00, 0x1C, 0xFF, 0x3E, 0x01, 0xE0,
    0x02, 0xBD, 0x00, 0x0B, 0x00, 0x00, 0x17, 0x11, 0x23, 0x35, 0x33, 0x35, 0x33, 0x15, 0x33, 0x15,
    0x23, 0x11, 0xC6, 0xAA, 0xAA, 0x6A, 0xB0, 0xB0, 0xC2, 0x02, 0x4A, 0x66, 0xCF, 0xCF, 0x66, 0xFD,
    0xB6, 0x00, 0x00, 0x00, 0x00, 0x01, 0x00, 0x1D, 0xFF, 0x3E, 0x01, 0xD7, 0x02, 0xBD, 0x00, 0x13,
    0x00, 0x00, 0x01, 0x15, 0x33, 0x15, 0x23, 0x11, 0x23, 0x11, 0x23, 0x35, 0x33, 0x35, 0x23, 0x35,
    0x33, 0x35, 0x33, 0x15, 0x33, 0x15, 0x01, 0x2D, 0x6B, 0x6B, 0x6A, 0x6E, 0x6E, 0xA6, 0xA6, 0x6A,
    0xAA, 0x01, 0x88, 0xEB, 0x52, 0xFE, 0xF3, 0x01, 0x0D, 0x52, 0xEB, 0x66, 0xCF, 0xCF, 0x66, 0x00,
    0x00, 0x01, 0x00, 0x45, 0x00, 0xBB, 0x01, 0x47, 0x01, 0xBD, 0x00, 0x07, 0x00, 0x00, 0x12, 0x34,
    0x36, 0x32, 0x16, 0x14, 0x06, 0x22, 0x45, 0x4C, 0x6A, 0x4C, 0x4C, 0x6A, 0x01, 0x07, 0x6A, 0x4C,
    0x4C, 0x6A, 0x4C, 0x00, 0x00, 0x03, 0x00, 0x1E, 0xFF, 0xF8, 0x02, 0x55, 0x00, 0x8D, 0x00, 0x07,
    0x00, 0x0F, 0x00, 0x17, 0x00, 0x00, 0x36, 0x34, 0x36, 0x32, 0x16, 0x14, 0x06, 0x22, 0x36, 0x34,
    0x36, 0x32, 0x16, 0x14, 0x06, 0x22, 0x36, 0x34, 0x36, 0x32, 0x16, 0x14, 0x06, 0x22, 0x1E, 0x2B,
    0x3E, 0x2C, 0x2C, 0x3E, 0xA6, 0x2B, 0x3E, 0x2C, 0x2C, 0x3E, 0xA6, 0x2B, 0x3E, 0x2C, 0x2C, 0x3E,
    0x24, 0x3E, 0x2B, 0x2B, 0x3E, 0x2C, 0x2C, 0x3E, 0x2B, 0x2B, 0x3E, 0x2C, 0x2C, 0x3E, 0x2B, 0x2B,
    0x3E, 0x2C, 0x00, 0x00, 0x00, 0x07, 0x00, 0x5A, 0xFF, 0xF8, 0x04, 0x94, 0x02, 0xC9, 0x00, 0x07,
    0x00, 0x0B, 0x00, 0x13, 0x00, 0x1B, 0x00, 0x23, 0x00, 0x2B, 0x00, 0x33, 0x00, 0x00, 0x00, 0x14,
    0x06, 0x22, 0x26, 0x34, 0x36, 0x32, 0x05, 0x01, 0x23, 0x01, 0x04, 0x34, 0x26, 0x22, 0x06, 0x14,
    0x16, 0x32, 0x00, 0x14, 0x06, 0x22, 0x26, 0x34, 0x36, 0x32, 0x06, 0x34, 0x26, 0x22, 0x06, 0x14,
    0x16, 0x32, 0x24, 0x14, 0x06, 0x22, 0x26, 0x34, 0x36, 0x32, 0x06, 0x34, 0x26, 0x22, 0x06, 0x14,
    0x16, 0x32, 0x01, 0x88, 0x57, 0x81, 0x56, 0x57, 0x81, 0x01, 0xC2, 0xFE, 0x00, 0x81, 0x02, 0x00,
    0xFE, 0xB7, 0x22, 0x31, 0x20, 0x22, 0x31, 0x02, 0x0B, 0x57, 0x81, 0x56, 0x57, 0x81, 0x06, 0x22,
    0x31, 0x20, 0x22, 0x31, 0x01, 0xFB, 0x57, 0x81, 0x56, 0x57, 0x81, 0x06, 0x22, 0x31, 0x20, 0x22,
    0x31, 0x02, 0x6C, 0x84, 0x5E, 0x5D, 0x84, 0x5E, 0x0E, 0xFD, 0x45, 0x02, 0xBB, 0xB1, 0x3C, 0x29,
    0x29, 0x3C, 0x29, 0xFE, 0xF9, 0x84, 0x5E, 0x5D, 0x84, 0x5E, 0xC1, 0x3C, 0x29, 0x29, 0x3C, 0x29,
    0x8D, 0x84, 0x5E, 0x5D, 0x84, 0x5E, 0xC1, 0x3C, 0x29, 0x29, 0x3C, 0x29, 0x00, 0x01, 0x00, 0x2E,
    0x00, 0x40, 0x01, 0x11, 0x01, 0xA0, 0x00, 0x05, 0x00, 0x00, 0x01, 0x07, 0x17, 0x23, 0x27, 0x37,
    0x01, 0x11, 0x73, 0x73, 0x6C, 0x77, 0x77, 0x01, 0xA0, 0xB0, 0xB0, 0xB0, 0xB0, 0x00, 0x00, 0x00,
    0x00, 0x01, 0x00, 0x2E, 0x00, 0x40, 0x01, 0x11, 0x01, 0xA0, 0x00, 0x05, 0x00, 0x00, 0x37, 0x27,
    0x33, 0x17, 0x07, 0x23, 0xA1, 0x73, 0x6C, 0x77, 0x77, 0x6C, 0xF0, 0xB0, 0xB0, 0xB0, 0x00, 0x00,
    0x00, 0x01, 0xFF, 0x80, 0x00, 0x00, 0x02, 0x01, 0x02, 0xBB, 0x00, 0x03, 0x00, 0x00, 0x09, 0x01,
    0x23, 0x01, 0x02, 0x01, 0xFE, 0x00, 0x81, 0x02, 0x00, 0x02, 0xBB, 0xFD, 0x45, 0x02, 0xBB, 0x00,
    0x00, 0x01, 0xFF, 0xD9, 0x00, 0x04, 0x02, 0x71, 0x02, 0xCC, 0x00, 0x27, 0x00, 0x00, 0x03, 0x35,
    0x33, 0x3E, 0x01, 0x33, 0x32, 0x17, 0x07, 0x2E, 0x01, 0x22, 0x06, 0x07, 0x33, 0x15, 0x21, 0x06,
    0x14, 0x17, 0x21, 0x15, 0x23, 0x16, 0x33, 0x32, 0x36, 0x37, 0x17, 0x06, 0x23, 0x22, 0x26, 0x27,
    0x23, 0x35, 0x33, 0x26, 0x34, 0x37, 0x27, 0x68, 0x21, 0xA8, 0x6B, 0x9F, 0x5D, 0x47, 0x2C, 0x4F,
    0x74, 0x5D, 0x17, 0xEE, 0xFE, 0xFD, 0x01, 0x03, 0x01, 0x01, 0xE6, 0x36, 0x6D, 0x36, 0x4D, 0x2B,
    0x47, 0x5D, 0x98, 0x68, 0xA1, 0x23, 0x6D, 0x5A, 0x03, 0x01, 0x01, 0x89, 0x56, 0x6B, 0x82, 0x73,
    0x5A, 0x2F, 0x26, 0x3D, 0x38, 0x56, 0x0C, 0x31, 0x16, 0x56, 0x68, 0x29, 0x2C, 0x56, 0x73, 0x77,
    0x65, 0x56, 0x18, 0x30, 0x0B, 0x00, 0x00, 0x00, 0x00, 0x02, 0x00, 0x37, 0x01, 0x22, 0x03, 0x8F,
    0x02, 0xBB, 0x00, 0x07, 0x00, 0x14, 0x00, 0x00, 0x13, 0x11, 0x23, 0x11, 0x23, 0x35, 0x21, 0x15,
    0x01, 0x03, 0x11, 0x23, 0x11, 0x33, 0x1B, 0x01, 0x33, 0x11, 0x23, 0x11, 0x03, 0xF8, 0x45, 0x7C,
    0x01, 0x3D, 0x01, 0x20, 0x8E, 0x45, 0x6C, 0x7B, 0x7C, 0x6B, 0x45, 0x8F, 0x02, 0x7C, 0xFE, 0xA6,
    0x01, 0x5A, 0x3F, 0x3F, 0xFE, 0xC9, 0x01, 0x1C, 0xFE, 0xC1, 0x01, 0x99, 0xFE, 0xFF, 0x01, 0x01,
    0xFE, 0x67, 0x01, 0x3F, 0xFE, 0xE4, 0x00, 0x00, 0x00, 0x02, 0x00, 0x30, 0xFF, 0xF8, 0x02, 0x2D,
    0x02, 0xC9, 0x00, 0x1B, 0x00, 0x25, 0x00, 0x00, 0x13, 0x27, 0x36, 0x33, 0x32, 0x17, 0x1E, 0x01,
    0x14, 0x0E, 0x02, 0x23, 0x22, 0x26, 0x34, 0x36, 0x33, 0x32, 0x16, 0x17, 0x34, 0x27, 0x26, 0x23,
    0x22, 0x06, 0x07, 0x01, 0x37, 0x26, 0x23, 0x22, 0x06, 0x14, 0x16, 0x32, 0x36, 0x8F, 0x3E, 0x5A,
    0x67, 0x75, 0x4F, 0x29, 0x2E, 0x1C, 0x3C, 0x6C, 0x49, 0x67, 0x89, 0x8A, 0x50, 0x3B, 0x5C, 0x16,
    0x28, 0x25, 0x64, 0x1E, 0x3C, 0x0E, 0x01, 0x15, 0x02, 0x42, 0x5D, 0x32, 0x45, 0x45, 0x77, 0x50,
    0x02, 0x39, 0x4D, 0x43, 0x50, 0x29, 0x8C, 0xA9, 0x7F, 0x69, 0x3B, 0x8E, 0xCC, 0x6B, 0x2A, 0x1B,
    0x65, 0x47, 0x41, 0x16, 0x0B, 0xFE, 0xB2, 0x1A, 0x4A, 0x40, 0x6F, 0x46, 0x50, 0x00, 0x00, 0x00,
    0x00, 0x01, 0x00, 0x66, 0xFF, 0x2C, 0x02, 0xCF, 0x03, 0x14, 0x00, 0x07, 0x00, 0x00, 0x05, 0x23,
    0x11, 0x21, 0x11, 0x23, 0x11, 0x21, 0x02, 0xCF, 0x7C, 0xFE, 0x8F, 0x7C, 0x02, 0x69, 0xD4, 0x03,
    0x77, 0xFC, 0x89, 0x03, 0xE8, 0x00, 0x00, 0x00, 0x00, 0x01, 0x00, 0x19, 0xFF, 0x2C, 0x02, 0x8B,
    0x03, 0x14, 0x00, 0x0B, 0x00, 0x00, 0x05, 0x21, 0x35, 0x09, 0x01, 0x35, 0x21, 0x15, 0x21, 0x09,
    0x01, 0x21, 0x02, 0x8B, 0xFD, 0x8E, 0x01, 0x2F, 0xFE, 0xDE, 0x02, 0x51, 0xFE, 0x62, 0x01, 0x0B,
    0xFE, 0xE2, 0x01, 0xC5, 0xD4, 0x59, 0x01, 0xA1, 0x01, 0x95, 0x59, 0x71, 0xFE, 0x84, 0xFE, 0x76,
    0x00, 0x01, 0x00, 0x0A, 0x00, 0xF9, 0x01, 0xCE, 0x01, 0x5B, 0x00, 0x03, 0x00, 0x00, 0x13, 0x21,
    0x15, 0x21, 0x0A, 0x01, 0xC4, 0xFE, 0x3C, 0x01, 0x5B, 0x62, 0x00, 0x00, 0x00, 0x01, 0x00, 0x5E,
    0xFF, 0x64, 0x03, 0x0E, 0x02, 0xF5, 0x00, 0x08, 0x00, 0x00, 0x13, 0x35, 0x33, 0x1B, 0x01, 0x33,
    0x01, 0x23, 0x03, 0x5E, 0xB7, 0x8B, 0xFD, 0x71, 0xFE, 0xD5, 0x88, 0x98, 0x01, 0x37, 0x63, 0xFE,
    0x4D, 0x03, 0x0E, 0xFC, 0x6F, 0x01, 0xD3, 0x00, 0x00, 0x03, 0x00, 0x2D, 0x00, 0x52, 0x03, 0x03,
    0x01, 0xB9, 0x00, 0x16, 0x00, 0x1F, 0x00, 0x28, 0x00, 0x00, 0x01, 0x3E, 0x01, 0x33, 0x32, 0x16,
    0x14, 0x06, 0x23, 0x22, 0x27, 0x26, 0x27, 0x06, 0x07, 0x06, 0x22, 0x26, 0x34, 0x36, 0x33, 0x32,
    0x16, 0x07, 0x26, 0x23, 0x22, 0x06, 0x14, 0x16, 0x33, 0x32, 0x37, 0x16, 0x33, 0x32, 0x36, 0x34,
    0x26, 0x23, 0x22, 0x01, 0x98, 0x30, 0x59, 0x3B, 0x4C, 0x5B, 0x5E, 0x4D, 0x3E, 0x2F, 0x20, 0x33,
    0x33, 0x1C, 0x33, 0x8B, 0x5E, 0x5B, 0x4C, 0x3B, 0x59, 0x0A, 0x57, 0x33, 0x22, 0x2A, 0x2B, 0x24,
    0x3C, 0xBF, 0x4B, 0x3C, 0x24, 0x2B, 0x2A, 0x22, 0x33, 0x01, 0x42, 0x39, 0x3E, 0x66, 0x9B, 0x66,
    0x22, 0x18, 0x35, 0x35, 0x15, 0x25, 0x66, 0x9B, 0x66, 0x3E, 0x78, 0x5C, 0x32, 0x4B, 0x33, 0x54,
    0x54, 0x33, 0x4B, 0x32, 0x00, 0x01, 0x00, 0x2F, 0xFF, 0x56, 0x01, 0x96, 0x03, 0x64, 0x00, 0x1F,
    0x00, 0x00, 0x01, 0x07, 0x26, 0x22, 0x0E, 0x02, 0x07, 0x06, 0x14, 0x12, 0x14, 0x06, 0x07, 0x06,
    0x23, 0x22, 0x27, 0x37, 0x16, 0x32, 0x36, 0x37, 0x36, 0x34, 0x02, 0x34, 0x36, 0x37, 0x36, 0x33,
    0x32, 0x01, 0x96, 0x0D, 0x14, 0x27, 0x1D, 0x12, 0x0B, 0x02, 0x03, 0x0F, 0x0E, 0x11, 0x23, 0x61,
    0x2E, 0x1E, 0x10, 0x18, 0x31, 0x22, 0x08, 0x0B, 0x10, 0x0F, 0x12, 0x26, 0x65, 0x25, 0x03, 0x57,
    0x5A, 0x0A, 0x0C, 0x1C, 0x1B, 0x1A, 0x26, 0x84, 0xFE, 0xBB, 0x94, 0x59, 0x27, 0x51, 0x11, 0x5D,
    0x0C, 0x1A, 0x1C, 0x2B, 0xB2, 0x01, 0x3C, 0x90, 0x5A, 0x26, 0x4D, 0x00, 0x00, 0x02, 0x00, 0x1D,
    0x00, 0xBE, 0x02, 0x1F, 0x02, 0x5E, 0x00, 0x14, 0x00, 0x29, 0x00, 0x00, 0x01, 0x14, 0x06, 0x23,
    0x22, 0x26, 0x27, 0x26, 0x22, 0x06, 0x07, 0x23, 0x34, 0x36, 0x33, 0x32, 0x1E, 0x01, 0x32, 0x36,
    0x37, 0x17, 0x14, 0x06, 0x23, 0x22, 0x26, 0x27, 0x26, 0x22, 0x06, 0x07, 0x23, 0x34, 0x36, 0x33,
    0x32, 0x1E, 0x01, 0x32, 0x36, 0x37, 0x02, 0x1F, 0x51, 0x40, 0x26, 0x39, 0x3C, 0x21, 0x2C, 0x1A,
    0x05, 0x6A, 0x51, 0x40, 0x25, 0x3A, 0x5B, 0x2E, 0x1A, 0x05, 0x6A, 0x51, 0x40, 0x26, 0x39, 0x3C,
    0x21, 0x2C, 0x1A, 0x05, 0x6A, 0x51, 0x40, 0x25, 0x3A, 0x5B, 0x2E, 0x1A, 0x05, 0x02, 0x5A, 0x5A,
    0x62, 0x18, 0x25, 0x13, 0x22, 0x2A, 0x5A, 0x62, 0x18, 0x38, 0x22, 0x2A, 0xE0, 0x5A, 0x62, 0x18,
    0x25, 0x13, 0x22, 0x2A, 0x5A, 0x62, 0x18, 0x38, 0x22, 0x2A, 0x00, 0x00, 0x00, 0x01, 0x00, 0x2D,
    0x00, 0x41, 0x02, 0x25, 0x02, 0xBC, 0x00, 0x13, 0x00, 0x00, 0x13, 0x33, 0x37, 0x23, 0x35, 0x21,
    0x37, 0x33, 0x07, 0x33, 0x15, 0x23, 0x07, 0x33, 0x15, 0x21, 0x07, 0x23, 0x37, 0x23, 0x2D, 0xBE,
    0x2E, 0xEC, 0x01, 0x1E, 0x4B, 0x64, 0x4B, 0x76, 0xA8, 0x2E, 0xD6, 0xFE, 0xF7, 0x4A, 0x64, 0x4A,
    0x8B, 0x01, 0x4D, 0x63, 0x6C, 0xA0, 0xA0, 0x6C, 0x63, 0x6C, 0xA0, 0xA0, 0x00, 0x02, 0x00, 0x27,
    0xFF, 0xCC, 0x01, 0xFF, 0x02, 0xA6, 0x00, 0x07, 0x00, 0x0B, 0x00, 0x00, 0x13, 0x35, 0x25, 0x15,
    0x05, 0x15, 0x05, 0x15, 0x05, 0x21, 0x15, 0x21, 0x27, 0x01, 0xD7, 0xFE, 0xA0, 0x01, 0x60, 0xFE,
    0x29, 0x01, 0xD8, 0xFE, 0x28, 0x01, 0x4E, 0x7E, 0xDA, 0x72, 0x9F, 0x0B, 0xA3, 0x72, 0x47, 0x62,
    0x00, 0x02, 0x00, 0x27, 0xFF, 0xCC, 0x01, 0xFF, 0x02, 0xA6, 0x00, 0x07, 0x00, 0x0B, 0x00, 0x00,
    0x01, 0x15, 0x05, 0x35, 0x25, 0x35, 0x25, 0x35, 0x03, 0x21, 0x15, 0x21, 0x01, 0xFF, 0xFE, 0x29,
    0x01, 0x60, 0xFE, 0xA0, 0x01, 0x01, 0xD8, 0xFE, 0x28, 0x01, 0xCC, 0x7E, 0xD9, 0x72, 0xA3, 0x0B,
    0x9F, 0x72, 0xFD, 0x88, 0x62, 0x00, 0x00, 0x00, 0x00, 0x01, 0x00, 0xEA, 0x00, 0x21, 0x02, 0xBE,
    0x01, 0xD4, 0x00, 0x03, 0x00, 0x00, 0x37, 0x11, 0x21, 0x11, 0xEA, 0x01, 0xD4, 0x21, 0x01, 0xB3,
    0xFE, 0x4D, 0x00, 0x00, 0x00, 0x01, 0x00, 0x48, 0x00, 0x1F, 0x02, 0xFB, 0x02, 0xB0, 0x00, 0x09,
    0x00, 0x00, 0x01, 0x37, 0x17, 0x21, 0x07, 0x17, 0x27, 0x07, 0x37, 0x27, 0x01, 0x50, 0x52, 0x51,
    0x01, 0x08, 0xD6, 0x52, 0xD5, 0xD6, 0x52, 0xD6, 0x01, 0xB5, 0xFB, 0xFB, 0x9B, 0xFB, 0x9B, 0x9B,
    0xFB, 0x9B, 0x00, 0x00, 0x00, 0x02, 0x00, 0x32, 0x00, 0x00, 0x02, 0x69, 0x03, 0x3B, 0x00, 0x16,
    0x00, 0x1A, 0x00, 0x00, 0x01, 0x07, 0x26, 0x23, 0x22, 0x06, 0x1D, 0x01, 0x33, 0x15, 0x23, 0x11,
    0x23, 0x11, 0x23, 0x35, 0x33, 0x35, 0x34, 0x36, 0x33, 0x32, 0x16, 0x13, 0x23, 0x11, 0x33, 0x02,
    0x61, 0x68, 0x1A, 0x5B, 0x47, 0x44, 0x6A, 0x6A, 0x70, 0x57, 0x57, 0x8C, 0x73, 0x4E, 0x73, 0x20,
    0x70, 0x70, 0x02, 0xA1, 0x30, 0x67, 0x55, 0x3C, 0x33, 0x5D, 0xFE, 0x49, 0x01, 0xB7, 0x5D, 0x2C,
    0x6C, 0x8F, 0x55, 0xFD, 0x1A, 0x02, 0x14, 0x00, 0x00, 0x01, 0x00, 0x24, 0xFF, 0x97, 0x02, 0xC4,
    0x03, 0x3B, 0x00, 0x22, 0x00, 0x00, 0x21, 0x16, 0x17, 0x06, 0x22, 0x26, 0x27, 0x26, 0x35, 0x11,
    0x34, 0x23, 0x22, 0x06, 0x1D, 0x01, 0x33, 0x15, 0x23, 0x11, 0x23, 0x11, 0x23, 0x35, 0x33, 0x35,
    0x34, 0x36, 0x32, 0x16, 0x15, 0x11, 0x14, 0x33, 0x32, 0x02, 0xBA, 0x02, 0x08, 0x20, 0x48, 0x42,
    0x11, 0x1E, 0x7B, 0x46, 0x3F, 0x6A, 0x6A, 0x70, 0x57, 0x57, 0x86, 0xE6, 0x74, 0x40, 0x10, 0x2D,
    0x37, 0x05, 0x23, 0x22, 0x3C, 0x6D, 0x01, 0xAB, 0xA8, 0x54, 0x3D, 0x33, 0x5D, 0xFE, 0x49, 0x01,
    0xB7, 0x5D, 0x2C, 0x6C, 0x8F, 0x8C, 0x79, 0xFE, 0x1A, 0x56, 0x00, 0x00, 0x00, 0x02, 0x00, 0xA6,
    0x02, 0x51, 0x01, 0xDA, 0x02, 0xCD, 0x00, 0x07, 0x00, 0x0F, 0x00, 0x00, 0x12, 0x26, 0x34, 0x36,
    0x32, 0x16, 0x14, 0x06, 0x36, 0x26, 0x34, 0x36, 0x32, 0x16, 0x14, 0x06, 0xC9, 0x23, 0x24, 0x33,
    0x24, 0x25, 0x87, 0x24, 0x24, 0x33, 0x24, 0x24, 0x02, 0x51, 0x24, 0x33, 0x24, 0x23, 0x33, 0x25,
    0x01, 0x24, 0x33, 0x24, 0x23, 0x34, 0x24, 0x00, 0x00, 0x01, 0x00, 0x60, 0x02, 0x70, 0x01, 0x38,
    0x02, 0xFC, 0x00, 0x03, 0x00, 0x00, 0x13, 0x23, 0x37, 0x17, 0xBE, 0x5E, 0x6A, 0x6E, 0x02, 0x70,
    0x8C, 0x31, 0x00, 0x00, 0x00, 0x01, 0x00, 0xED, 0x02, 0xF8, 0x02, 0x46, 0x03, 0x94, 0x00, 0x06,
    0x00, 0x00, 0x01, 0x07, 0x23, 0x37, 0x33, 0x17, 0x23, 0x01, 0x98, 0x4D, 0x5E, 0x79, 0x66, 0x7A,
    0x61, 0x03, 0x4B, 0x53, 0x9C, 0x9C, 0x00, 0x00, 0x00, 0x01, 0x01, 0x40, 0x02, 0x74, 0x02, 0x20,
    0x03, 0x05, 0x00, 0x03, 0x00, 0x00, 0x01, 0x23, 0x27, 0x37, 0x02, 0x20, 0x66, 0x7A, 0x76, 0x02,
    0x74, 0x60, 0x31, 0x00, 0x00, 0x01, 0x00, 0xE4, 0xFF, 0x05, 0x01, 0x67, 0xFF, 0xDE, 0x00, 0x0A,
    0x00, 0x00, 0x17, 0x37, 0x26, 0x35, 0x34, 0x36, 0x32, 0x16, 0x14, 0x0F, 0x01, 0xE7, 0x21, 0x24,
    0x27, 0x35, 0x27, 0x18, 0x34, 0xFB, 0x5C, 0x11, 0x2A, 0x1C, 0x26, 0x26, 0x33, 0x29, 0x57, 0x00,
    0x00, 0x01, 0x00, 0xE4, 0xFF, 0x05, 0x01, 0x67, 0xFF, 0xDE, 0x00, 0x0A, 0x00, 0x00, 0x17, 0x37,
    0x26, 0x35, 0x34, 0x36, 0x32, 0x16, 0x14, 0x0F, 0x01, 0xE7, 0x21, 0x24, 0x27, 0x35, 0x27, 0x18,
    0x34, 0xFB, 0x5C, 0x11, 0x2A, 0x1C, 0x26, 0x26, 0x33, 0x29, 0x57, 0x00, 0x00, 0x01, 0x00, 0xE4,
    0xFF, 0x05, 0x01, 0x67, 0xFF, 0xDE, 0x00, 0x0A, 0x00, 0x00, 0x17, 0x37, 0x26, 0x35, 0x34, 0x36,
    0x32, 0x16, 0x14, 0x0F, 0x01, 0xE7, 0x21, 0x24, 0x27, 0x35, 0x27, 0x18, 0x34, 0xFB, 0x5C, 0x11,
    0x2A, 0x1C, 0x26, 0x26, 0x33, 0x29, 0x57, 0x00, 0x00, 0x01, 0x00, 0x9D, 0x02, 0xE6, 0x02, 0x0A,
    0x03, 0x82, 0x00, 0x06, 0x00, 0x00, 0x01, 0x27, 0x07, 0x23, 0x37, 0x33, 0x17, 0x01, 0xA2, 0x4D,
    0x4D, 0x6B, 0x7A, 0x7A, 0x79, 0x02, 0xE6, 0x49, 0x49, 0x9C, 0x9C, 0x00, 0x00, 0x01, 0x00, 0x18,
    0x02, 0xF5, 0x01, 0x71, 0x03, 0x91, 0x00, 0x06, 0x00, 0x00, 0x01, 0x27, 0x07, 0x23, 0x37, 0x33,
    0x17, 0x01, 0x13, 0x4D, 0x4D, 0x61, 0x7A, 0x66, 0x79, 0x02, 0xF5, 0x53, 0x53, 0x9C, 0x9C, 0x00,
    0x00, 0x00, 0x00, 0x16, 0x01, 0x0E, 0x00, 0x01, 0x00, 0x00, 0x00, 0x00, 0x00, 0x00, 0x00, 0x69,
    0x00, 0xD4, 0x00, 0x01, 0x00, 0x00, 0x00, 0x00, 0x00, 0x01, 0x00, 0x0A, 0x01, 0x54, 0x00, 0x01,
    0x00, 0x00, 0x00, 0x00, 0x00, 0x02, 0x00, 0x07, 0x01, 0x6F, 0x00, 0x01, 0x00, 0x00, 0x00, 0x00,
    0x00, 0x03, 0x00, 0x2F, 0x01, 0xD7, 0x00, 0x01, 0x00, 0x00, 0x00, 0x00, 0x00, 0x04, 0x00, 0x12,
    0x02, 0x2D, 0x00, 0x01, 0x00, 0x00, 0x00, 0x00, 0x00, 0x05, 0x00, 0x05, 0x02, 0x4C, 0x00, 0x01,
    0x00, 0x00, 0x00, 0x00, 0x00, 0x06, 0x00, 0x12, 0x02, 0x78, 0x00, 0x01, 0x00, 0x00, 0x00, 0x00,
    0x00, 0x07, 0x00, 0x2F, 0x02, 0xEB, 0x00, 0x01, 0x00, 0x00, 0x00, 0x00, 0x00, 0x08, 0x00, 0x11,
    0x03, 0x3F, 0x00, 0x01, 0x00, 0x00, 0x00, 0x00, 0x00, 0x0D, 0x00, 0x90, 0x04, 0x73, 0x00, 0x01,
    0x00, 0x00, 0x00, 0x00, 0x00, 0x0E, 0x00, 0x1A, 0x05, 0x3A, 0x00, 0x03, 0x00, 0x01, 0x04, 0x09,
    0x00, 0x00, 0x00, 0xD2, 0x00, 0x00, 0x00, 0x03, 0x00, 0x01, 0x04, 0x09, 0x00, 0x01, 0x00, 0x14,
    0x01, 0x3E, 0x00, 0x03, 0x00, 0x01, 0x04, 0x09, 0x00, 0x02, 0x00, 0x0E, 0x01, 0x5F, 0x00, 0x03,
    0x00, 0x01, 0x04, 0x09, 0x00, 0x03, 0x00, 0x5E, 0x01, 0x77, 0x00, 0x03, 0x00, 0x01, 0x04, 0x09,
    0x00, 0x04, 0x00, 0x24, 0x02, 0x07, 0x00, 0x03, 0x00, 0x01, 0x04, 0x09, 0x00, 0x05, 0x00, 0x0A,
    0x02, 0x40, 0x00, 0x03, 0x00, 0x01, 0x04, 0x09, 0x00, 0x06, 0x00, 0x24, 0x02, 0x52, 0x00, 0x03,
    0x00, 0x01, 0x04, 0x09, 0x00, 0x07, 0x00, 0x5E, 0x02, 0x8B, 0x00, 0x03, 0x00, 0x01, 0x04, 0x09,
    0x00, 0x08, 0x00, 0x22, 0x03, 0x1B, 0x00, 0x03, 0x00, 0x01, 0x04, 0x09, 0x00, 0x0D, 0x01, 0x20,
    0x03, 0x51, 0x00, 0x03, 0x00, 0x01, 0x04, 0x09, 0x00, 0x0E, 0x00, 0x34, 0x05, 0x04, 0x00, 0x43,
    0x00, 0x6F, 0x00, 0x70, 0x00, 0x79, 0x00, 0x72, 0x00, 0x69, 0x00, 0x67, 0x00, 0x68, 0x00, 0x74,
    0x00, 0x20, 0x00, 0x28, 0x00, 0x63, 0x00, 0x29, 0x00, 0x20, 0x00, 0x32, 0x00, 0x30, 0x00, 0x31,
    0x00, 0x31, 0x00, 0x20, 0x00, 0x4A, 0x00, 0x75, 0x00, 0x6C, 0x00, 0x69, 0x00, 0x65, 0x00, 0x74,
    0x00, 0x61, 0x00, 0x20, 0x00, 0x55, 0x00, 0x6C, 0x00, 0x61, 0x00, 0x6E, 0x00, 0x6F, 0x00, 0x76,
    0x00, 0x73, 0x00, 0x6B, 0x00, 0x79, 0x00, 0x20, 0x00, 0x28, 0x00, 0x6A, 0x00, 0x75, 0x00, 0x6C,
    0x00, 0x69, 0x00, 0x65, 0x00, 0x74, 0x00, 0x61, 0x00, 0x2E, 0x00, 0x75, 0x00, 0x6C, 0x00, 0x61,
    0x00, 0x6E, 0x00, 0x6F, 0x00, 0x76, 0x00, 0x73, 0x00, 0x6B, 0x00, 0x79, 0x00, 0x40, 0x00, 0x67,
    0x00, 0x6D, 0x00, 0x61, 0x00, 0x69, 0x00, 0x6C, 0x00, 0x2E, 0x00, 0x63, 0x00, 0x6F, 0x00, 0x6D,
    0x00, 0x29, 0x00, 0x2C, 0x00, 0x20, 0x00, 0x77, 0x00, 0x69, 0x00, 0x74, 0x00, 0x68, 0x00, 0x20,
    0x00, 0x52, 0x00, 0x65, 0x00, 0x73, 0x00, 0x65, 0x00, 0x72, 0x00, 0x76, 0x00, 0x65, 0x00, 0x64,
    0x00, 0x20, 0x00, 0x46, 0x00, 0x6F, 0x00, 0x6E, 0x00, 0x74, 0x00, 0x20, 0x00, 0x4E, 0x00, 0x61,
    0x00, 0x6D, 0x00, 0x65, 0x00, 0x73, 0x00, 0x20, 0x00, 0x22, 0x00, 0x4D, 0x00, 0x6F, 0x00, 0x6E,
    0x00, 0x74, 0x00, 0x73, 0x00, 0x65, 0x00, 0x72, 0x00, 0x72, 0x00, 0x61, 0x00, 0x74, 0x00, 0x22,
    0x00, 0x00, 0x43, 0x6F, 0x70, 0x79, 0x72, 0x69, 0x67, 0x68, 0x74, 0x20, 0x28, 0x63, 0x29, 0x20,
    0x32, 0x30, 0x31, 0x31, 0x20, 0x4A, 0x75, 0x6C, 0x69, 0x65, 0x74, 0x61, 0x20, 0x55, 0x6C, 0x61,
    0x6E, 0x6F, 0x76, 0x73, 0x6B, 0x79, 0x20, 0x28, 0x6A, 0x75, 0x6C, 0x69, 0x65, 0x74, 0x61, 0x2E,
    0x75, 0x6C, 0x61, 0x6E, 0x6F, 0x76, 0x73, 0x6B, 0x79, 0x40, 0x67, 0x6D, 0x61, 0x69, 0x6C, 0x2E,
    0x63, 0x6F, 0x6D, 0x29, 0x2C, 0x20, 0x77, 0x69, 0x74, 0x68, 0x20, 0x52, 0x65, 0x73, 0x65, 0x72,
    0x76, 0x65, 0x64, 0x20, 0x46, 0x6F, 0x6E, 0x74, 0x20, 0x4E, 0x61, 0x6D, 0x65, 0x73, 0x20, 0x22,
    0x4D, 0x6F, 0x6E, 0x74, 0x73, 0x65, 0x72, 0x72, 0x61, 0x74, 0x22, 0x00, 0x00, 0x4D, 0x00, 0x6F,
    0x00, 0x6E, 0x00, 0x74, 0x00, 0x73, 0x00, 0x65, 0x00, 0x72, 0x00, 0x72, 0x00, 0x61, 0x00, 0x74,
    0x00, 0x00, 0x4D, 0x6F, 0x6E, 0x74, 0x73, 0x65, 0x72, 0x72, 0x61, 0x74, 0x00, 0x00, 0x52, 0x00,
    0x65, 0x00, 0x67, 0x00, 0x75, 0x00, 0x6C, 0x00, 0x61, 0x00, 0x72, 0x00, 0x00, 0x52, 0x65, 0x67,
    0x75, 0x6C, 0x61, 0x72, 0x00, 0x00, 0x46, 0x00, 0x6F, 0x00, 0x6E, 0x00, 0x74, 0x00, 0x46, 0x00,
    0x6F, 0x00, 0x72, 0x00, 0x67, 0x00, 0x65, 0x00, 0x20, 0x00, 0x32, 0x00, 0x2E, 0x00, 0x30, 0x00,
    0x20, 0x00, 0x3A, 0x00, 0x20, 0x00, 0x4D, 0x00, 0x6F, 0x00, 0x6E, 0x00, 0x74, 0x00, 0x73, 0x00,
    0x65, 0x00, 0x72, 0x00, 0x72, 0x00, 0x61, 0x00, 0x74, 0x00, 0x20, 0x00, 0x52, 0x00, 0x65, 0x00,
    0x67, 0x00, 0x75, 0x00, 0x6C, 0x00, 0x61, 0x00, 0x72, 0x00, 0x20, 0x00, 0x3A, 0x00, 0x20, 0x00,
    0x31, 0x00, 0x32, 0x00, 0x2D, 0x00, 0x31, 0x00, 0x32, 0x00, 0x2D, 0x00, 0x32, 0x00, 0x30, 0x00,
    0x31, 0x00, 0x31, 0x00, 0x00, 0x46, 0x6F, 0x6E, 0x74, 0x46, 0x6F, 0x72, 0x67, 0x65, 0x20, 0x32,
    0x2E, 0x30, 0x20, 0x3A, 0x20, 0x4D, 0x6F, 0x6E, 0x74, 0x73, 0x65, 0x72, 0x72, 0x61, 0x74, 0x20,
    0x52, 0x65, 0x67, 0x75, 0x6C, 0x61, 0x72, 0x20, 0x3A, 0x20, 0x31, 0x32, 0x2D, 0x31, 0x32, 0x2D,
    0x32, 0x30, 0x31, 0x31, 0x00, 0x00, 0x4D, 0x00, 0x6F, 0x00, 0x6E, 0x00, 0x74, 0x00, 0x73, 0x00,
    0x65, 0x00, 0x72, 0x00, 0x72, 0x00, 0x61, 0x00, 0x74, 0x00, 0x20, 0x00, 0x52, 0x00, 0x65, 0x00,
    0x67, 0x00, 0x75, 0x00, 0x6C, 0x00, 0x61, 0x00, 0x72, 0x00, 0x00, 0x4D, 0x6F, 0x6E, 0x74, 0x73,
    0x65, 0x72, 0x72, 0x61, 0x74, 0x20, 0x52, 0x65, 0x67, 0x75, 0x6C, 0x61, 0x72, 0x00, 0x00, 0x32,
    0x00, 0x2E, 0x00, 0x30, 0x00, 0x30, 0x00, 0x30, 0x00, 0x00, 0x32, 0x2E, 0x30, 0x30, 0x30, 0x00,
    0x00, 0x4D, 0x00, 0x6F, 0x00, 0x6E, 0x00, 0x74, 0x00, 0x73, 0x00, 0x65, 0x00, 0x72, 0x00, 0x72,
    0x00, 0x61, 0x00, 0x74, 0x00, 0x2D, 0x00, 0x52, 0x00, 0x65, 0x00, 0x67, 0x00, 0x75, 0x00, 0x6C,
    0x00, 0x61, 0x00, 0x72, 0x00, 0x00, 0x4D, 0x6F, 0x6E, 0x74, 0x73, 0x65, 0x72, 0x72, 0x61, 0x74,
    0x2D, 0x52, 0x65, 0x67, 0x75, 0x6C, 0x61, 0x72, 0x00, 0x00, 0x4D, 0x00, 0x6F, 0x00, 0x6E, 0x00,
    0x74, 0x00, 0x73, 0x00, 0x65, 0x00, 0x72, 0x00, 0x72, 0x00, 0x61, 0x00, 0x74, 0x00, 0x20, 0x00,
    0x69, 0x00, 0x73, 0x00, 0x20, 0x00, 0x61, 0x00, 0x20, 0x00, 0x74, 0x00, 0x72, 0x00, 0x61, 0x00,
    0x64, 0x00, 0x65, 0x00, 0x6D, 0x00, 0x61, 0x00, 0x72, 0x00, 0x6B, 0x00, 0x20, 0x00, 0x6F, 0x00,
    0x66, 0x00, 0x20, 0x00, 0x4A, 0x00, 0x75, 0x00, 0x6C, 0x00, 0x69, 0x00, 0x65, 0x00, 0x74, 0x00,
    0x61, 0x00, 0x20, 0x00, 0x55, 0x00, 0x6C, 0x00, 0x61, 0x00, 0x6E, 0x00, 0x6F, 0x00, 0x76, 0x00,
    0x73, 0x00, 0x6B, 0x00, 0x79, 0x00, 0x2E, 0x00, 0x00, 0x4D, 0x6F, 0x6E, 0x74, 0x73, 0x65, 0x72,
    0x72, 0x61, 0x74, 0x20, 0x69, 0x73, 0x20, 0x61, 0x20, 0x74, 0x72, 0x61, 0x64, 0x65, 0x6D, 0x61,
    0x72, 0x6B, 0x20, 0x6F, 0x66, 0x20, 0x4A, 0x75, 0x6C, 0x69, 0x65, 0x74, 0x61, 0x20, 0x55, 0x6C,
    0x61, 0x6E, 0x6F, 0x76, 0x73, 0x6B, 0x79, 0x2E, 0x00, 0x00, 0x4A, 0x00, 0x75, 0x00, 0x6C, 0x00,
    0x69, 0x00, 0x65, 0x00, 0x74, 0x00, 0x61, 0x00, 0x20, 0x00, 0x55, 0x00, 0x6C, 0x00, 0x61, 0x00,
    0x6E, 0x00, 0x6F, 0x00, 0x76, 0x00, 0x73, 0x00, 0x6B, 0x00, 0x79, 0x00, 0x00, 0x4A, 0x75, 0x6C,
    0x69, 0x65, 0x74, 0x61, 0x20, 0x55, 0x6C, 0x61, 0x6E, 0x6F, 0x76, 0x73, 0x6B, 0x79, 0x00, 0x00,
    0x54, 0x00, 0x68, 0x00, 0x69, 0x00, 0x73, 0x00, 0x20, 0x00, 0x46, 0x00, 0x6F, 0x00, 0x6E, 0x00,
    0x74, 0x00, 0x20, 0x00, 0x53, 0x00, 0x6F, 0x00, 0x66, 0x00, 0x74, 0x00, 0x77, 0x00, 0x61, 0x00,
    0x72, 0x00, 0x65, 0x00, 0x20, 0x00, 0x69, 0x00, 0x73, 0x00, 0x20, 0x00, 0x6C, 0x00, 0x69, 0x00,
    0x63, 0x00, 0x65, 0x00, 0x6E, 0x00, 0x73, 0x00, 0x65, 0x00, 0x64, 0x00, 0x20, 0x00, 0x75, 0x00,
    0x6E, 0x00, 0x64, 0x00, 0x65, 0x00, 0x72, 0x00, 0x20, 0x00, 0x74, 0x00, 0x68, 0x00, 0x65, 0x00,
    0x20, 0x00, 0x53, 0x00, 0x49, 0x00, 0x4C, 0x00, 0x20, 0x00, 0x4F, 0x00, 0x70, 0x00, 0x65, 0x00,
    0x6E, 0x00, 0x20, 0x00, 0x46, 0x00, 0x6F, 0x00, 0x6E, 0x00, 0x74, 0x00, 0x20, 0x00, 0x4C, 0x00,
    0x69, 0x00, 0x63, 0x00, 0x65, 0x00, 0x6E, 0x00, 0x73, 0x00, 0x65, 0x00, 0x2C, 0x00, 0x20, 0x00,
    0x56, 0x00, 0x65, 0x00, 0x72, 0x00, 0x73, 0x00, 0x69, 0x00, 0x6F, 0x00, 0x6E, 0x00, 0x20, 0x00,
    0x31, 0x00, 0x2E, 0x00, 0x31, 0x00, 0x2E, 0x00, 0x20, 0x00, 0x54, 0x00, 0x68, 0x00, 0x69, 0x00,
    0x73, 0x00, 0x20, 0x00, 0x6C, 0x00, 0x69, 0x00, 0x63, 0x00, 0x65, 0x00, 0x6E, 0x00, 0x73, 0x00,
    0x65, 0x00, 0x20, 0x00, 0x69, 0x00, 0x73, 0x00, 0x20, 0x00, 0x61, 0x00, 0x76, 0x00, 0x61, 0x00,
    0x69, 0x00, 0x6C, 0x00, 0x61, 0x00, 0x62, 0x00, 0x6C, 0x00, 0x65, 0x00, 0x20, 0x00, 0x77, 0x00,
    0x69, 0x00, 0x74, 0x00, 0x68, 0x00, 0x20, 0x00, 0x61, 0x00, 0x20, 0x00, 0x46, 0x00, 0x41, 0x00,
    0x51, 0x00, 0x20, 0x00, 0x61, 0x00, 0x74, 0x00, 0x3A, 0x00, 0x20, 0x00, 0x68, 0x00, 0x74, 0x00,
    0x74, 0x00, 0x70, 0x00, 0x3A, 0x00, 0x2F, 0x00, 0x2F, 0x00, 0x73, 0x00, 0x63, 0x00, 0x72, 0x00,
    0x69, 0x00, 0x70, 0x00, 0x74, 0x00, 0x73, 0x00, 0x2E, 0x00, 0x73, 0x00, 0x69, 0x00, 0x6C, 0x00,
    0x2E, 0x00, 0x6F, 0x00, 0x72, 0x00, 0x67, 0x00, 0x2F, 0x00, 0x4F, 0x00, 0x46, 0x00, 0x4C, 0x00,
    0x00, 0x54, 0x68, 0x69, 0x73, 0x20, 0x46, 0x6F, 0x6E, 0x74, 0x20, 0x53, 0x6F, 0x66, 0x74, 0x77,
    0x61, 0x72, 0x65, 0x20, 0x69, 0x73, 0x20, 0x6C, 0x69, 0x63, 0x65, 0x6E, 0x73, 0x65, 0x64, 0x20,
    0x75, 0x6E, 0x64, 0x65, 0x72, 0x20, 0x74, 0x68, 0x65, 0x20, 0x53, 0x49, 0x4C, 0x20, 0x4F, 0x70,
    0x65, 0x6E, 0x20, 0x46, 0x6F, 0x6E, 0x74, 0x20, 0x4C, 0x69, 0x63, 0x65, 0x6E, 0x73, 0x65, 0x2C,
    0x20, 0x56, 0x65, 0x72, 0x73, 0x69, 0x6F, 0x6E, 0x20, 0x31, 0x2E, 0x31, 0x2E, 0x20, 0x54, 0x68,
    0x69, 0x73, 0x20, 0x6C, 0x69, 0x63, 0x65, 0x6E, 0x73, 0x65, 0x20, 0x69, 0x73, 0x20, 0x61, 0x76,
    0x61, 0x69, 0x6C, 0x61, 0x62, 0x6C, 0x65, 0x20, 0x77, 0x69, 0x74, 0x68, 0x20, 0x61, 0x20, 0x46,
    0x41, 0x51, 0x20, 0x61, 0x74, 0x3A, 0x20, 0x68, 0x74, 0x74, 0x70, 0x3A, 0x2F, 0x2F, 0x73, 0x63,
    0x72, 0x69, 0x70, 0x74, 0x73, 0x2E, 0x73, 0x69, 0x6C, 0x2E, 0x6F, 0x72, 0x67, 0x2F, 0x4F, 0x46,
    0x4C, 0x00, 0x00, 0x68, 0x00, 0x74, 0x00, 0x74, 0x00, 0x70, 0x00, 0x3A, 0x00, 0x2F, 0x00, 0x2F,
    0x00, 0x73, 0x00, 0x63, 0x00, 0x72, 0x00, 0x69, 0x00, 0x70, 0x00, 0x74, 0x00, 0x73, 0x00, 0x2E,
    0x00, 0x73, 0x00, 0x69, 0x00, 0x6C, 0x00, 0x2E, 0x00, 0x6F, 0x00, 0x72, 0x00, 0x67, 0x00, 0x2F,
    0x00, 0x4F, 0x00, 0x46, 0x00, 0x4C, 0x00, 0x00, 0x68, 0x74, 0x74, 0x70, 0x3A, 0x2F, 0x2F, 0x73,
    0x63, 0x72, 0x69, 0x70, 0x74, 0x73, 0x2E, 0x73, 0x69, 0x6C, 0x2E, 0x6F, 0x72, 0x67, 0x2F, 0x4F,
    0x46, 0x4C, 0x00, 0x00, 0x00, 0x02, 0x00, 0x00, 0x00, 0x00, 0x00, 0x00, 0xFF, 0xB5, 0x00, 0x32,
    0x00, 0x00, 0x00, 0x00, 0x00, 0x00, 0x00, 0x00, 0x00, 0x00, 0x00, 0x00, 0x00, 0x00, 0x00, 0x00,
    0x00, 0x00, 0x00, 0x00, 0x01, 0x10, 0x00, 0x00, 0x01, 0x02, 0x00, 0x02, 0x00, 0x03, 0x00, 0x04,
    0x00, 0x05, 0x00, 0x06, 0x00, 0x07, 0x00, 0x08, 0x00, 0x09, 0x00, 0x0A, 0x00, 0x0B, 0x00, 0x0C,
    0x00, 0x0D, 0x00, 0x0E, 0x00, 0x0F, 0x00, 0x10, 0x00, 0x11, 0x00, 0x12, 0x00, 0x13, 0x00, 0x14,
    0x00, 0x15, 0x00, 0x16, 0x00, 0x17, 0x00, 0x18, 0x00, 0x19, 0x00, 0x1A, 0x00, 0x1B, 0x00, 0x1C,
    0x00, 0x1D, 0x00, 0x1E, 0x00, 0x1F, 0x00, 0x20, 0x00, 0x21, 0x00, 0x22, 0x00, 0x23, 0x00, 0x24,
    0x00, 0x25, 0x00, 0x26, 0x00, 0x27, 0x00, 0x28, 0x00, 0x29, 0x00, 0x2A, 0x00, 0x2B, 0x00, 0x2C,
    0x00, 0x2D, 0x00, 0x2E, 0x00, 0x2F, 0x00, 0x30, 0x00, 0x31, 0x00, 0x32, 0x00, 0x33, 0x00, 0x34,
    0x00, 0x35, 0x00, 0x36, 0x00, 0x37, 0x00, 0x38, 0x00, 0x39, 0x00, 0x3A, 0x00, 0x3B, 0x00, 0x3C,
    0x00, 0x3D, 0x00, 0x3E, 0x00, 0x3F, 0x00, 0x40, 0x00, 0x41, 0x00, 0x42, 0x00, 0x43, 0x00, 0x44,
    0x00, 0x45, 0x00, 0x46, 0x00, 0x47, 0x00, 0x48, 0x00, 0x49, 0x00, 0x4A, 0x00, 0x4B, 0x00, 0x4C,
    0x00, 0x4D, 0x00, 0x4E, 0x00, 0x4F, 0x00, 0x50, 0x00, 0x51, 0x00, 0x52, 0x00, 0x53, 0x00, 0x54,
    0x00, 0x55, 0x00, 0x56, 0x00, 0x57, 0x00, 0x58, 0x00, 0x59, 0x00, 0x5A, 0x00, 0x5B, 0x00, 0x5C,
    0x00, 0x5D, 0x00, 0x5E, 0x00, 0x5F, 0x00, 0x60, 0x00, 0x61, 0x00, 0xA3, 0x00, 0x84, 0x00, 0x85,
    0x00, 0xBD, 0x00, 0x96, 0x00, 0xE8, 0x00, 0x86, 0x00, 0x8E, 0x00, 0x8B, 0x00, 0x9D, 0x00, 0xA9,
    0x00, 0xA4, 0x00, 0x8A, 0x00, 0xDA, 0x00, 0x83, 0x00, 0x93, 0x00, 0xF2, 0x00, 0xF3, 0x00, 0x8D,
    0x00, 0x97, 0x00, 0x88, 0x00, 0xC3, 0x00, 0xDE, 0x00, 0xF1, 0x00, 0x9E, 0x00, 0xAA, 0x00, 0xF5,
    0x00, 0xF4, 0x00, 0xF6, 0x00, 0xA2, 0x00, 0xAD, 0x00, 0xC9, 0x00, 0xC7, 0x00, 0xAE, 0x00, 0x62,
    0x00, 0x63, 0x00, 0x90, 0x00, 0x64, 0x00, 0xCB, 0x00, 0x65, 0x00, 0xC8, 0x00, 0xCA, 0x00, 0xCF,
    0x00, 0xCC, 0x00, 0xCD, 0x00, 0xCE, 0x00, 0xE9, 0x00, 0x66, 0x00, 0xD3, 0x00, 0xD0, 0x00, 0xD1,
    0x00, 0xAF, 0x00, 0x67, 0x00, 0xF0, 0x00, 0x91, 0x00, 0xD6, 0x00, 0xD4, 0x00, 0xD5, 0x00, 0x68,
    0x00, 0xEB, 0x00, 0xED, 0x00, 0x89, 0x00, 0x6A, 0x00, 0x69, 0x00, 0x6B, 0x00, 0x6D, 0x00, 0x6C,
    0x00, 0x6E, 0x00, 0xA0, 0x00, 0x6F, 0x00, 0x71, 0x00, 0x70, 0x00, 0x72, 0x00, 0x73, 0x00, 0x75,
    0x00, 0x74, 0x00, 0x76, 0x00, 0x77, 0x00, 0xEA, 0x00, 0x78, 0x00, 0x7A, 0x00, 0x79, 0x00, 0x7B,
    0x00, 0x7D, 0x00, 0x7C, 0x00, 0xB8, 0x00, 0xA1, 0x00, 0x7F, 0x00, 0x7E, 0x00, 0x80, 0x00, 0x81,
    0x00, 0xEC, 0x00, 0xEE, 0x00, 0xBA, 0x01, 0x03, 0x01, 0x04, 0x01, 0x05, 0x00, 0xD7, 0x01, 0x06,
    0x01, 0x07, 0x01, 0x08, 0x01, 0x09, 0x01, 0x0A, 0x01, 0x0B, 0x00, 0xE2, 0x00, 0xE3, 0x01, 0x0C,
    0x01, 0x0D, 0x00, 0xB0, 0x00, 0xB1, 0x01, 0x0E, 0x01, 0x0F, 0x01, 0x10, 0x01, 0x11, 0x01, 0x12,
    0x00, 0xE4, 0x00, 0xE5, 0x00, 0xBB, 0x00, 0xE6, 0x00, 0xE7, 0x00, 0xA6, 0x00, 0xD8, 0x00, 0xE1,
    0x00, 0xDB, 0x00, 0xDC, 0x00, 0xDD, 0x00, 0xE0, 0x00, 0xD9, 0x00, 0xDF, 0x00, 0xA8, 0x00, 0x9F,
    0x00, 0x9B, 0x00, 0xB2, 0x00, 0xB3, 0x00, 0xB6, 0x00, 0xB7, 0x00, 0xC4, 0x00, 0xB4, 0x00, 0xB5,
    0x00, 0xC5, 0x00, 0x82, 0x00, 0xC2, 0x00, 0x87, 0x00, 0xAB, 0x00, 0xC6, 0x00, 0xBE, 0x00, 0xBF,
    0x00, 0xBC, 0x01, 0x13, 0x00, 0x8C, 0x00, 0x98, 0x00, 0x9A, 0x00, 0x99, 0x00, 0xEF, 0x00, 0xA5,
    0x00, 0x92, 0x00, 0x9C, 0x00, 0xA7, 0x00, 0x8F, 0x00, 0x94, 0x00, 0x95, 0x00, 0xB9, 0x01, 0x14,
    0x00, 0xC0, 0x00, 0xC1, 0x01, 0x15, 0x01, 0x16, 0x01, 0x17, 0x01, 0x18, 0x00, 0xD2, 0x01, 0x19,
    0x01, 0x1A, 0x01, 0x1B, 0x01, 0x1C, 0x07, 0x75, 0x6E, 0x69, 0x30, 0x30, 0x30, 0x30, 0x04, 0x68,
    0x62, 0x61, 0x72, 0x06, 0x49, 0x74, 0x69, 0x6C, 0x64, 0x65, 0x06, 0x69, 0x74, 0x69, 0x6C, 0x64,
    0x65, 0x02, 0x69, 0x6A, 0x0B, 0x4A, 0x63, 0x69, 0x72, 0x63, 0x75, 0x6D, 0x66, 0x6C, 0x65, 0x78,
    0x0B, 0x6A, 0x63, 0x69, 0x72, 0x63, 0x75, 0x6D, 0x66, 0x6C, 0x65, 0x78, 0x08, 0x6B, 0x63, 0x65,
    0x64, 0x69, 0x6C, 0x6C, 0x61, 0x0C, 0x6B, 0x67, 0x72, 0x65, 0x65, 0x6E, 0x6C, 0x61, 0x6E, 0x64,
    0x69, 0x63, 0x04, 0x6C, 0x64, 0x6F, 0x74, 0x06, 0x4E, 0x61, 0x63, 0x75, 0x74, 0x65, 0x06, 0x6E,
    0x61, 0x63, 0x75, 0x74, 0x65, 0x06, 0x52, 0x61, 0x63, 0x75, 0x74, 0x65, 0x0C, 0x52, 0x63, 0x6F,
    0x6D, 0x6D, 0x61, 0x61, 0x63, 0x63, 0x65, 0x6E, 0x74, 0x0C, 0x72, 0x63, 0x6F, 0x6D, 0x6D, 0x61,
    0x61, 0x63, 0x63, 0x65, 0x6E, 0x74, 0x06, 0x52, 0x63, 0x61, 0x72, 0x6F, 0x6E, 0x06, 0x72, 0x63,
    0x61, 0x72, 0x6F, 0x6E, 0x04, 0x45, 0x75, 0x72, 0x6F, 0x03, 0x61, 0x34, 0x32, 0x04, 0x5F, 0x31,
    0x32, 0x31, 0x04, 0x5F, 0x31, 0x32, 0x37, 0x04, 0x5F, 0x32, 0x34, 0x31, 0x04, 0x5F, 0x32, 0x35,
    0x30, 0x02, 0x4C, 0x46, 0x02, 0x48, 0x54, 0x04, 0x5F, 0x32, 0x35, 0x37, 0x04, 0x5F, 0x32, 0x35,
    0x38, 0x00, 0x00, 0x00, 0x00, 0x01, 0x00, 0x01, 0xFF, 0xFF, 0x00, 0x0F, 0x00, 0x00, 0x00, 0x01,
    0x00, 0x00, 0x00, 0x00, 0x00, 0x01, 0x00, 0x00, 0x00, 0x0E, 0x00, 0x00, 0x00, 0x24, 0x00, 0x2C,
    0x00, 0x00, 0x00, 0x02, 0x00, 0x03, 0x00, 0x01, 0x01, 0x04, 0x00, 0x01, 0x01, 0x05, 0x01, 0x06,
    0x00, 0x02, 0x01, 0x07, 0x01, 0x0F, 0x00, 0x01, 0x00, 0x04, 0x00, 0x00, 0x00, 0x02, 0x00, 0x00,
    0x00, 0x01, 0x00, 0x00, 0x00, 0x01, 0x00, 0x00, 0x00, 0x01, 0x00, 0x00, 0x00, 0x0A, 0x00, 0x1E,
    0x00, 0x2C, 0x00, 0x01, 0x44, 0x46, 0x4C, 0x54, 0x00, 0x08, 0x00, 0x04, 0x00, 0x00, 0x00, 0x00,
    0xFF, 0xFF, 0x00, 0x01, 0x00, 0x00, 0x00, 0x01, 0x6C, 0x69, 0x67, 0x61, 0x00, 0x08, 0x00, 0x00,
    0x00, 0x01, 0x00, 0x00, 0x00, 0x01, 0x00, 0x04, 0x00, 0x04, 0x00, 0x00, 0x00, 0x01, 0x00, 0x08,
    0x00, 0x01, 0x00, 0x1A, 0x00, 0x01, 0x00, 0x08, 0x00, 0x02, 0x00, 0x06, 0x00, 0x0C, 0x01, 0x06,
    0x00, 0x02, 0x00, 0x4F, 0x01, 0x05, 0x00, 0x02, 0x00, 0x4C, 0x00, 0x01, 0x00, 0x01, 0x00, 0x49,
    0x00, 0x01, 0x00, 0x00, 0x00, 0x0A, 0x00, 0x1E, 0x00, 0x2C, 0x00, 0x01, 0x44, 0x46, 0x4C, 0x54,
    0x00, 0x08, 0x00, 0x04, 0x00, 0x00, 0x00, 0x00, 0xFF, 0xFF, 0x00, 0x01, 0x00, 0x00, 0x00, 0x01,
    0x6B, 0x65, 0x72, 0x6E, 0x00, 0x08, 0x00, 0x00, 0x00, 0x01, 0x00, 0x00, 0x00, 0x01, 0x00, 0x04,
    0x00, 0x02, 0x00, 0x00, 0x00, 0x01, 0x00, 0x08, 0x00, 0x01, 0x00, 0x48, 0x00, 0x04, 0x00, 0x00,
    0x00, 0x07, 0x00, 0x18, 0x00, 0x2A, 0x00, 0x30, 0x00, 0x36, 0x00, 0x3C, 0x00, 0x42, 0x00, 0x42,
    0x00, 0x04, 0x00, 0x13, 0xFF, 0xE2, 0x00, 0x38, 0xFF, 0xEC, 0x00, 0x39, 0xFF, 0xD3, 0x00, 0x3A,
    0xFF, 0xD3, 0x00, 0x01, 0x00, 0x32, 0xFF, 0xF1, 0x00, 0x01, 0x00, 0x24, 0xFF, 0xF6, 0x00, 0x01,
    0x00, 0x24, 0xFF, 0xB0, 0x00, 0x01, 0x00, 0x46, 0xFF, 0xF6, 0x00, 0x01, 0x00, 0x59, 0xFF, 0xF6,
    0x00, 0x01, 0x00, 0x07, 0x00, 0x24, 0x00, 0x26, 0x00, 0x37, 0x00, 0x39, 0x00, 0x46, 0x00, 0x51,
    0x00, 0x59, 0x00, 0x00, 0x00, 0x00, 0x00, 0x01, 0x00, 0x00, 0x00, 0x00, 0xC9, 0x89, 0x6F, 0x31,
    0x00, 0x00, 0x00, 0x00, 0xCA, 0xEF, 0x27, 0xB4, 0x00, 0x00, 0x00, 0x00, 0xCB, 0x0B, 0xDB, 0xDA,

};

// Forward declarations of helper functions
bool CreateDeviceD3D(HWND hWnd);
void CleanupDeviceD3D();
void CreateRenderTarget();
void CleanupRenderTarget();
LRESULT WINAPI WndProc(HWND hWnd, UINT msg, WPARAM wParam, LPARAM lParam);

ImFont* small_font = nullptr;
ImFont* medium_font = nullptr;
ImFont* big_font = nullptr;

// Main code
int main(int, char**)
{
    // Make process DPI aware and obtain main monitor scale
    ImGui_ImplWin32_EnableDpiAwareness();
    float main_scale = ImGui_ImplWin32_GetDpiScaleForMonitor(::MonitorFromPoint(POINT{ 0, 0 }, MONITOR_DEFAULTTOPRIMARY));

    // Create application window
    WNDCLASSEXW wc = { sizeof(wc), CS_CLASSDC, WndProc, 0L, 0L, GetModuleHandle(nullptr), nullptr, nullptr, nullptr, nullptr, L"ImGui Example", nullptr };
    ::RegisterClassExW(&wc);
    HWND hwnd = ::CreateWindowW(wc.lpszClassName, L"Dear ImGui DirectX11 Example", WS_OVERLAPPEDWINDOW, 100, 100, (int)(1280 * main_scale), (int)(800 * main_scale), nullptr, nullptr, wc.hInstance, nullptr);

    // Initialize Direct3D
    if (!CreateDeviceD3D(hwnd))
    {
        CleanupDeviceD3D();
        ::UnregisterClassW(wc.lpszClassName, wc.hInstance);
        return 1;
    }

    // Show the window
    ::ShowWindow(hwnd, SW_SHOWDEFAULT);
    ::UpdateWindow(hwnd);

    // Setup Dear ImGui context
    IMGUI_CHECKVERSION();
    ImGui::CreateContext();
    ImGuiIO& io = ImGui::GetIO(); (void)io;
    io.ConfigFlags |= ImGuiConfigFlags_NavEnableKeyboard;     // Enable Keyboard Controls
    io.ConfigFlags |= ImGuiConfigFlags_NavEnableGamepad;      // Enable Gamepad Controls

    // Setup Dear ImGui style
    ImGui::StyleColorsDark();
    //ImGui::StyleColorsLight();

    // Setup scaling
    ImGuiStyle& style = ImGui::GetStyle();
    style.ScaleAllSizes(main_scale);        // Bake a fixed style scale. (until we have a solution for dynamic style scaling, changing this requires resetting Style + calling this again)
    style.FontScaleDpi = main_scale;        // Set initial font scale. (in docking branch: using io.ConfigDpiScaleFonts=true automatically overrides this for every window depending on the current monitor)

    // Setup Platform/Renderer backends
    ImGui_ImplWin32_Init(hwnd);
    ImGui_ImplDX11_Init(g_pd3dDevice, g_pd3dDeviceContext);


    small_font = ImGui::GetIO().Fonts->AddFontFromMemoryTTF((void*)hellfire_font, sizeof(hellfire_font), 14);
    medium_font = ImGui::GetIO().Fonts->AddFontFromMemoryTTF((void*)hellfire_font, sizeof(hellfire_font), 18);
    big_font = ImGui::GetIO().Fonts->AddFontFromMemoryTTF((void*)hellfire_font, sizeof(hellfire_font), 24);

    ImGui::GetIO().Fonts->Build();

    ImGuiStyle* style = &ImGui::GetStyle();

    style->WindowPadding = ImVec2(15, 10);
    style->FramePadding = ImVec2(20, 4);
    style->CellPadding = ImVec2(2, 2);
    style->ItemSpacing = ImVec2(10, 5);
    style->ItemInnerSpacing = ImVec2(10, 5);
    style->TouchExtraPadding = ImVec2(0, 0);
    style->IndentSpacing = 25.0f;
    style->ScrollbarSize = 12.0f;
    style->GrabMinSize = 8.0f;

    style->WindowRounding = 5.0f;
    style->ChildRounding = 5.0f;
    style->FrameRounding = 5.0f;
    style->PopupRounding = 5.0f;
    style->ScrollbarRounding = 5.0f;
    style->GrabRounding = 5.0f;
    style->TabRounding = 5.0f;

    style->WindowTitleAlign = ImVec2(0.5f, 0.45f);
    style->ButtonTextAlign = ImVec2(0.5f, 0.5f);
    style->SelectableTextAlign = ImVec2(0.5f, 0.5f);
    style->SeparatorTextBorderSize = 3.f;
    style->SeparatorTextAlign = ImVec2(0.f, 0.5f);
    style->SeparatorTextPadding = ImVec2(20.f, 5.f);
    style->WindowMinSize = ImVec2(800.f, 600.f);
    style->LogSliderDeadzone = 4.f;

    style->Colors[ImGuiCol_Text] = ImVec4(1.00f, 1.00f, 1.00f, 1.00f);
    style->Colors[ImGuiCol_TextDisabled] = ImVec4(0.60f, 0.60f, 0.60f, 1.00f);
    style->Colors[ImGuiCol_WindowBg] = ImVec4(0.12f, 0.12f, 0.12f, 0.95f);
    style->Colors[ImGuiCol_ChildBg] = ImVec4(0.00f, 0.00f, 0.00f, 0.00f);
    style->Colors[ImGuiCol_PopupBg] = ImVec4(0.12f, 0.12f, 0.12f, 1.00f);
    style->Colors[ImGuiCol_Border] = ImVec4(0.04f, 0.04f, 0.04f, 0.78f);
    style->Colors[ImGuiCol_BorderShadow] = ImVec4(0.02f, 0.02f, 0.02f, 0.19f);
    style->Colors[ImGuiCol_FrameBg] = ImVec4(0.08f, 0.08f, 0.08f, 1.00f);
    style->Colors[ImGuiCol_FrameBgHovered] = ImVec4(0.06f, 0.06f, 0.06f, 1.00f);
    style->Colors[ImGuiCol_FrameBgActive] = ImVec4(0.12f, 0.12f, 0.12f, 1.00f);
    style->Colors[ImGuiCol_TitleBg] = ImVec4(0.12f, 0.12f, 0.12f, 0.98f);
    style->Colors[ImGuiCol_TitleBgActive] = ImVec4(0.10f, 0.10f, 0.10f, 0.98f);
    style->Colors[ImGuiCol_TitleBgCollapsed] = ImVec4(0.10f, 0.10f, 0.10f, 0.78f);
    style->Colors[ImGuiCol_MenuBarBg] = ImVec4(0.10f, 0.10f, 0.10f, 0.59f);
    style->Colors[ImGuiCol_ScrollbarBg] = ImVec4(0.12f, 0.12f, 0.12f, 0.00f);
    style->Colors[ImGuiCol_ScrollbarGrab] = ImVec4(0.59f, 0.59f, 0.59f, 1.00f);
    style->Colors[ImGuiCol_ScrollbarGrabHovered] = ImVec4(0.39f, 0.39f, 0.39f, 1.00f);
    style->Colors[ImGuiCol_ScrollbarGrabActive] = ImVec4(0.29f, 0.29f, 0.29f, 1.00f);
    style->Colors[ImGuiCol_CheckMark] = ImVec4(0.59f, 0.59f, 0.59f, 1.00f);
    style->Colors[ImGuiCol_SliderGrab] = ImVec4(0.59f, 0.59f, 0.59f, 1.00f);
    style->Colors[ImGuiCol_SliderGrabActive] = ImVec4(0.29f, 0.29f, 0.29f, 1.00f);
    style->Colors[ImGuiCol_Button] = ImVec4(0.10f, 0.10f, 0.10f, 1.00f);
    style->Colors[ImGuiCol_ButtonHovered] = ImVec4(0.06f, 0.06f, 0.06f, 1.00f);
    style->Colors[ImGuiCol_ButtonActive] = ImVec4(0.08f, 0.08f, 0.08f, 1.00f);
    style->Colors[ImGuiCol_Header] = ImVec4(0.10f, 0.10f, 0.10f, 1.00f);
    style->Colors[ImGuiCol_HeaderHovered] = ImVec4(0.06f, 0.06f, 0.06f, 1.00f);
    style->Colors[ImGuiCol_HeaderActive] = ImVec4(0.08f, 0.08f, 0.08f, 1.00f);
    style->Colors[ImGuiCol_Separator] = ImVec4(0.10f, 0.10f, 0.10f, 1.00f);
    style->Colors[ImGuiCol_SeparatorHovered] = ImVec4(0.06f, 0.06f, 0.06f, 1.00f);
    style->Colors[ImGuiCol_SeparatorActive] = ImVec4(0.08f, 0.08f, 0.08f, 1.00f);
    style->Colors[ImGuiCol_ResizeGrip] = ImVec4(0.10f, 0.10f, 0.10f, 1.00f);
    style->Colors[ImGuiCol_ResizeGripHovered] = ImVec4(0.06f, 0.06f, 0.06f, 1.00f);
    style->Colors[ImGuiCol_ResizeGripActive] = ImVec4(0.10f, 0.10f, 0.10f, 1.00f);
    style->Colors[ImGuiCol_Tab] = ImVec4(0.98f, 0.39f, 0.36f, 0.59f);
    style->Colors[ImGuiCol_TabHovered] = ImVec4(1.00f, 0.25f, 0.00f, 1.00f);
    style->Colors[ImGuiCol_TabActive] = ImVec4(1.00f, 0.29f, 0.00f, 1.00f);
    style->Colors[ImGuiCol_TabUnfocused] = ImVec4(0.07f, 0.10f, 0.15f, 0.97f);
    style->Colors[ImGuiCol_TabUnfocusedActive] = ImVec4(0.14f, 0.26f, 0.42f, 1.00f);
    style->Colors[ImGuiCol_PlotLines] = ImVec4(0.39f, 0.39f, 0.39f, 1.00f);
    style->Colors[ImGuiCol_PlotLinesHovered] = ImVec4(1.00f, 0.43f, 0.35f, 1.00f);
    style->Colors[ImGuiCol_PlotHistogram] = ImVec4(0.90f, 0.70f, 0.00f, 1.00f);
    style->Colors[ImGuiCol_PlotHistogramHovered] = ImVec4(1.00f, 0.60f, 0.00f, 1.00f);
    style->Colors[ImGuiCol_TableHeaderBg] = ImVec4(0.19f, 0.19f, 0.20f, 1.00f);
    style->Colors[ImGuiCol_TableBorderStrong] = ImVec4(0.31f, 0.31f, 0.35f, 1.00f);
    style->Colors[ImGuiCol_TableBorderLight] = ImVec4(0.23f, 0.23f, 0.25f, 1.00f);
    style->Colors[ImGuiCol_TableRowBg] = ImVec4(0.00f, 0.00f, 0.00f, 0.00f);
    style->Colors[ImGuiCol_TableRowBgAlt] = ImVec4(1.00f, 1.00f, 1.00f, 0.06f);
    style->Colors[ImGuiCol_TextSelectedBg] = ImVec4(0.10f, 0.10f, 0.10f, 1.00f);
    style->Colors[ImGuiCol_DragDropTarget] = ImVec4(1.00f, 1.00f, 0.00f, 0.90f);
    style->Colors[ImGuiCol_NavHighlight] = ImVec4(0.26f, 0.59f, 0.98f, 1.00f);
    style->Colors[ImGuiCol_NavWindowingHighlight] = ImVec4(1.00f, 1.00f, 1.00f, 0.70f);
    style->Colors[ImGuiCol_NavWindowingDimBg] = ImVec4(0.80f, 0.80f, 0.80f, 0.20f);
    style->Colors[ImGuiCol_ModalWindowDimBg] = ImVec4(0.20f, 0.20f, 0.20f, 0.50f);

    // Load Fonts
    // - If fonts are not explicitly loaded, Dear ImGui will select an embedded font: either AddFontDefaultVector() or AddFontDefaultBitmap().
    //   This selection is based on (style.FontSizeBase * style.FontScaleMain * style.FontScaleDpi) reaching a small threshold.
    // - You can load multiple fonts and use ImGui::PushFont()/PopFont() to select them.
    // - If a file cannot be loaded, AddFont functions will return a nullptr. Please handle those errors in your code (e.g. use an assertion, display an error and quit).
    // - Read 'docs/FONTS.md' for more instructions and details.
    // - Use '#define IMGUI_ENABLE_FREETYPE' in your imconfig file to use FreeType for higher quality font rendering.
    // - Remember that in C/C++ if you want to include a backslash \ in a string literal you need to write a double backslash \\ !
    //style.FontSizeBase = 20.0f;
    //io.Fonts->AddFontDefaultVector();
    //io.Fonts->AddFontDefaultBitmap();
    //io.Fonts->AddFontFromFileTTF("c:\\Windows\\Fonts\\segoeui.ttf");
    //io.Fonts->AddFontFromFileTTF("../../misc/fonts/DroidSans.ttf");
    //io.Fonts->AddFontFromFileTTF("../../misc/fonts/Roboto-Medium.ttf");
    //io.Fonts->AddFontFromFileTTF("../../misc/fonts/Cousine-Regular.ttf");
    //ImFont* font = io.Fonts->AddFontFromFileTTF("c:\\Windows\\Fonts\\ArialUni.ttf");
    //IM_ASSERT(font != nullptr);

    // Our state
    bool show_demo_window = true;
    bool show_another_window = false;
    ImVec4 clear_color = ImVec4(0.45f, 0.55f, 0.60f, 1.00f);

    // Main loop
    bool done = false;
    while (!done)
    {
        // Poll and handle messages (inputs, window resize, etc.)
        // See the WndProc() function below for our to dispatch events to the Win32 backend.
        MSG msg;
        while (::PeekMessage(&msg, nullptr, 0U, 0U, PM_REMOVE))
        {
            ::TranslateMessage(&msg);
            ::DispatchMessage(&msg);
            if (msg.message == WM_QUIT)
                done = true;
        }
        if (done)
            break;

        // Handle window being minimized or screen locked
        if (g_SwapChainOccluded && g_pSwapChain->Present(0, DXGI_PRESENT_TEST) == DXGI_STATUS_OCCLUDED)
        {
            ::Sleep(10);
            continue;
        }
        g_SwapChainOccluded = false;

        // Handle window resize (we don't resize directly in the WM_SIZE handler)
        if (g_ResizeWidth != 0 && g_ResizeHeight != 0)
        {
            CleanupRenderTarget();
            g_pSwapChain->ResizeBuffers(0, g_ResizeWidth, g_ResizeHeight, DXGI_FORMAT_UNKNOWN, 0);
            g_ResizeWidth = g_ResizeHeight = 0;
            CreateRenderTarget();
        }

        // Start the Dear ImGui frame
        ImGui_ImplDX11_NewFrame();
        ImGui_ImplWin32_NewFrame();
        ImGui::NewFrame();
        
		static int selected_tab = 0;

#define button_actived			ImVec4( 1.00f, 0.29f, 0.10f, 1.00f )
#define button_actived_hovered	ImVec4( 1.00f, 0.49f, 0.06f, 1.00f )

		ImGui::PushStyleVar( ImGuiStyleVar_::ImGuiStyleVar_ItemSpacing,		ImVec2( ) );
		ImGui::PushStyleVar( ImGuiStyleVar_::ImGuiStyleVar_ItemInnerSpacing,ImVec2( ) );
		ImGui::PushStyleVar( ImGuiStyleVar_::ImGuiStyleVar_FramePadding,	ImVec2( 0, 6 ) );

		ImGui::PushStyleVar( ImGuiStyleVar_::ImGuiStyleVar_IndentSpacing, 0.f );
		ImGui::PushStyleVar( ImGuiStyleVar_::ImGuiStyleVar_FrameRounding, 0.f );

		if ( ImGui::BeginMainMenuBar( ) )
		{
			float item_width = ImGui::GetContentRegionAvail( ).x / 4;

			bool set_btn_color = false;

			if ( selected_tab == 0 )
			{
				ImGui::PushStyleColor( ImGuiCol_::ImGuiCol_Button,			button_actived			);
				ImGui::PushStyleColor( ImGuiCol_::ImGuiCol_ButtonHovered,	button_actived_hovered	);
				set_btn_color = true;
			}

			if ( ImGui::Button( ( "CREATE ITEMS##MENU_BAR_ITEM_CREATE_ITEMS" ), ImVec2( item_width, 25 ) ) )
				selected_tab = 0;

			if ( set_btn_color == true )
			{
				ImGui::PopStyleColor( 2 );
				set_btn_color = false;
			}

			ImGui::SameLine( );
			
			if ( selected_tab == 1 )
			{
				ImGui::PushStyleColor( ImGuiCol_::ImGuiCol_Button,			button_actived			);
				ImGui::PushStyleColor( ImGuiCol_::ImGuiCol_ButtonHovered,	button_actived_hovered	);
				set_btn_color = true;
			}

			if ( ImGui::Button( ( "MANAGE ITEMS##MENU_BAR_ITEM_MANAGE_ITEMS" ), ImVec2( item_width, 25 ) ) )
				selected_tab = 1;

			if ( set_btn_color == true )
			{
				ImGui::PopStyleColor( 2 );
				set_btn_color = false;
			}

			ImGui::SameLine( );

			if ( selected_tab == 2 )
			{
				ImGui::PushStyleColor( ImGuiCol_::ImGuiCol_Button,			button_actived			);
				ImGui::PushStyleColor( ImGuiCol_::ImGuiCol_ButtonHovered,	button_actived_hovered	);
				set_btn_color = true;
			}

			if ( ImGui::Button( ( "CONFIGURATION##MENU_BAR_ITEM_CONFIGURATION" ), ImVec2( item_width, 25 ) ) )
				selected_tab = 2;

			if ( set_btn_color == true )
			{
				ImGui::PopStyleColor( 2 );
				set_btn_color = false;
			}

			ImGui::SameLine( );

			if ( selected_tab == 3 )
			{
				ImGui::PushStyleColor( ImGuiCol_::ImGuiCol_Button,			button_actived			);
				ImGui::PushStyleColor( ImGuiCol_::ImGuiCol_ButtonHovered,	button_actived_hovered	);
				set_btn_color = true;
			}

			if ( ImGui::Button( ( "INFORMATION##MENU_BAR_ITEM_INFORMATION" ), ImVec2( item_width, 25 ) ) )
				selected_tab = 3;

			if ( set_btn_color == true )
			{
				ImGui::PopStyleColor( 2 );
				set_btn_color = false;
			}

			ImGui::EndMainMenuBar( );
		}
		
		ImGui::PopStyleVar( 5 );

        ImGui::ShowStyleEditor(style);

		/* Create Items */
		if ( selected_tab == 0 )
		{
			if ( ImGui::Begin( ( "CREATE ITEMS##WINDOW_CREATE_ITEM" ), 0, ImGuiWindowFlags_NoCollapse ) )
			{
                static int selected_item_type = 0;
                static std::vector< std::pair< const char*, int > > tab_data;

                if ( tab_data.empty( ) )
                {
                    tab_data.push_back( std::make_pair( ( "WEAPONS" ),	tab_data.size( ) ) ); /* 0 */
                    tab_data.push_back( std::make_pair( ( "KNIFES" ),	tab_data.size( ) ) ); /* 1 */
                    tab_data.push_back( std::make_pair( ( "GLOVES" ),	tab_data.size( ) ) ); /* 2 */
                    tab_data.push_back( std::make_pair( ( "AGENTS" ),	tab_data.size( ) ) ); /* 3 */
                    tab_data.push_back( std::make_pair( ( "STICKERS" ),	tab_data.size( ) ) ); /* 4 */
                    tab_data.push_back( std::make_pair( ( "PATCHES" ),	tab_data.size( ) ) ); /* 5 */
                    tab_data.push_back( std::make_pair( ( "PINS" ),		tab_data.size( ) ) ); /* 6 */
                    tab_data.push_back( std::make_pair( ( "GRAFFITIS" ),tab_data.size( ) ) ); /* 7 */
                    tab_data.push_back( std::make_pair( ( "MUSICKITS" ),tab_data.size( ) ) ); /* 8 */
                    tab_data.push_back( std::make_pair( ( "CASES" ),	tab_data.size( ) ) ); /* 9 */
                    tab_data.push_back( std::make_pair( ( "TOOLS" ),	tab_data.size( ) ) ); /* 10 */
                    tab_data.push_back( std::make_pair( ( "CUSTOM" ),	tab_data.size( ) ) ); /* 11 */
                }

                ImGui::PushStyleVar( ImGuiStyleVar_::ImGuiStyleVar_ItemSpacing,         ImVec2( ) );
                ImGui::PushStyleVar( ImGuiStyleVar_::ImGuiStyleVar_ItemInnerSpacing,    ImVec2( ) );
                ImGui::PushStyleVar( ImGuiStyleVar_::ImGuiStyleVar_FramePadding,        ImVec2( 0, 4 ) );

                ImGui::PushStyleVar( ImGuiStyleVar_::ImGuiStyleVar_IndentSpacing, 0.f );
                ImGui::PushStyleVar( ImGuiStyleVar_::ImGuiStyleVar_FrameRounding, 0.f );

                if ( ImGui::BeginChild( ( "##TAB_AREA" ), ImVec2( ImGui::GetContentRegionAvail( ).x / 7, ImGui::GetContentRegionAvail( ).y ), false ) )
                {
                    float button_height = ImGui::GetContentRegionAvail( ).y / tab_data.size( );

                    for ( auto x : tab_data )
                    {
                        bool set_btn_color = false;

                        if ( selected_item_type == x.second )
                        {
				            ImGui::PushStyleColor( ImGuiCol_::ImGuiCol_Button,			button_actived			);
				            ImGui::PushStyleColor( ImGuiCol_::ImGuiCol_ButtonHovered,	button_actived_hovered	);
                            set_btn_color = true;
                        }

                        if (ImGui::Button( x.first, ImVec2( ImGui::GetContentRegionAvail( ).x, button_height ) ) )
                            selected_item_type = x.second;

                        if ( set_btn_color == true )
                        {
                            ImGui::PopStyleColor( 2 );
                            set_btn_color = false;
                        }
                    }

                    ImGui::EndChild( );
                }
                
                ImGui::PopStyleVar( 5 );

                ImGui::SameLine( );

                if ( ImGui::BeginChild( ( "##VALUES_AREA" ), ImGui::GetContentRegionAvail( ), true ) )
                {
					if ( selected_item_type != tab_data.size( ) - 1 )
					{
                        static int selected_item	= 0;
                        static int selected_type	= 0;
                        static float itemwidth		= 120.f;
                        static float typewidth		= 120.f;
                        static float splitterwidth	= 5.f;
                        static char item_filer[0x100] = {};
						static char type_filer[0x100] = {};
					
						if ( ImGui::BeginChild( ( "##LISTBOXES_AREA" ), ImVec2( itemwidth + typewidth + splitterwidth + 2.f * ImGui::GetStyle( ).ItemSpacing.x, ImGui::GetContentRegionAvail( ).y ), false ) )
						{
							if ( ImGui::BeginChild( ( "##WEAPON_AREA" ), ImVec2( itemwidth, ImGui::GetContentRegionAvail( ).y ), false ) )
							{
								ImGui::TextCentered( ( "ITEM" ) );
						
								ImGui::PushStyleVar( ImGuiStyleVar_::ImGuiStyleVar_FramePadding,		ImVec2( 4, 4 ) );
								ImGui::PushStyleVar( ImGuiStyleVar_::ImGuiStyleVar_SelectableTextAlign,	ImVec2( 0.f, 0.5f ) );

								//ImGui::InputTextWithHint( "##ITEM_FILTER", ( "ITEM FILTER" ), item_filer, 0x100, ImVec2( ImGui::GetContentRegionAvail( ).x, 0 ) );

								if ( ImGui::BeginListBox( ( "##ITEM_LIST" ), ImGui::GetContentRegionAvail( ) ) )
								{
                                    if ( ImGui::Selectable( ( "AK-47" ), selected_item == 0, ImGuiSelectableFlags_SpanAllColumns ) )
                                    {
                                        selected_item = 0;
                                    }
                        
                                    if ( ImGui::Selectable( ( "M4A4" ), selected_item == 1 ) )
                                    {
                                        selected_item = 1;
                                    }

                                    if ( ImGui::Selectable( ( "DESERT EAGLE" ), selected_item == 2 ) )
                                    {
                                        selected_item = 2;
                                    }
                            
									ImGui::EndListBox( );
								}
             
								ImGui::PopStyleVar( 2 );
                    
								ImGui::EndChild( );
							}

							ImGui::Splitter( ( "##SPLITER_TO_TYPE" ), false, splitterwidth, &itemwidth );
					
                            if ( ImGui::BeginChild( ( "##PROP_AREA" ), ImVec2( typewidth, ImGui::GetContentRegionAvail( ).y ), false ) )
							{
								ImGui::TextCentered( ( "TYPE" ) );
					
								ImGui::PushStyleVar( ImGuiStyleVar_::ImGuiStyleVar_FramePadding,		ImVec2( 4, 4 ) );
								ImGui::PushStyleVar( ImGuiStyleVar_::ImGuiStyleVar_SelectableTextAlign,	ImVec2( 0.f, 0.5f ) );
								
                                //ImGui::InputTextWithHint( "##TYPE_FILTER", ( "TYPE FILTER" ), type_filer, 0x100, ImVec2( ImGui::GetContentRegionAvail( ).x, 0 ) );

								if ( ImGui::BeginListBox( ( "##TYPE_LIST" ), ImGui::GetContentRegionAvail( ) ) )
								{
                                    if ( ImGui::Selectable( ( "Fire-Serpent" ), selected_type == 0, ImGuiSelectableFlags_SpanAllColumns ) )
                                    {
                                        selected_type = 0;
                                    }
                        
                                    if ( ImGui::Selectable( ( "Vulcan" ), selected_type == 1 ) )
                                    {
                                        selected_type = 1;
                                    }

                                    if ( ImGui::Selectable( ( "Redline" ), selected_type == 2 ) )
                                    {
                                        selected_type = 2;
                                    }
                            
									ImGui::EndListBox( );
								}
             
								ImGui::PopStyleVar( 2 );
                    
								ImGui::EndChild( );
							}
							
							ImGui::EndChild( );

							ImGui::Splitter( ( "##SPLITER_TO_PROPERTIES" ), false, splitterwidth, &typewidth );
							
							ImGui::SameLine( );
						}
					}
					
					ImVec2 cursor_pos = ImGui::GetCursorPos( );
					cursor_pos.y += ImGui::GetContentRegionAvail( ).y - 35.f + ImGui::GetStyle( ).FramePadding.y * 2;
					
					if ( ImGui::BeginChild( ( "##PROPERTIES_AREA" ), ImVec2( ImGui::GetContentRegionAvail( ).x, ImGui::GetContentRegionAvail( ).y - 35.f ), true ) )
					{
						ImGui::TextCentered( ( "PROPERTIES" ) );

						ImGui::EndChild( );
					}

					ImGui::SetCursorPos( cursor_pos );
                    
				    ImGui::PushStyleColor( ImGuiCol_::ImGuiCol_Button,			button_actived			);
				    ImGui::PushStyleColor( ImGuiCol_::ImGuiCol_ButtonHovered,	button_actived_hovered	);

					if ( ImGui::Button( ( "CREATE##BUTTON_CREATE" ), ImGui::GetContentRegionAvail( ) ) )
					{
					}

                    ImGui::PopStyleColor( 2 );

                    ImGui::EndChild( );
				}

                ImGui::End( );
			}
		}

		/* Manage Items */
		if ( selected_tab == 1 )
		{
			if ( ImGui::Begin( ( "MANAGE ITEMS##WINDOW_MANAGE_ITEM" ), 0, ImGuiWindowFlags_NoCollapse ) )
			{
                if ( ImGui::BeginChild( ( "##ITEM_AREA" ), ImVec2( ImGui::GetContentRegionAvail( ).x / 7, ImGui::GetContentRegionAvail( ).y ), false ) )
                {
                    static char item_filer[0x100] = {};
                    static int selected_item = 0;

                    ImGui::PushStyleVar( ImGuiStyleVar_::ImGuiStyleVar_FramePadding, ImVec2( 4, 4 ) );
                    ImGui::PushStyleVar( ImGuiStyleVar_::ImGuiStyleVar_SelectableTextAlign, ImVec2( 0.f, 0.5f ) );

                    // ImGui::InputTextWithHint( "##FILTER", ( "FILTER" ), item_filer, 0x100, ImVec2(ImGui::GetContentRegionAvail().x, 0));

                    if ( ImGui::BeginListBox( ( "##LIST" ), ImGui::GetContentRegionAvail( ) ) )
                    {
                        if ( ImGui::Selectable( ( "0" ), selected_item == 0, ImGuiSelectableFlags_SpanAllColumns ) )
                        {
                            selected_item = 0;
                        }
                    
                        if ( ImGui::Selectable( ( "1" ), selected_item == 1, ImGuiSelectableFlags_SpanAllColumns ) )
                        {
                            selected_item = 1;
                        }

                        if ( ImGui::Selectable( ( "2" ), selected_item == 2, ImGuiSelectableFlags_SpanAllColumns ) )
                        {
                            selected_item = 2;
                        }

                        ImGui::EndListBox( );
                    }

                    ImGui::PopStyleVar( 2 );
                    
                    ImGui::EndChild( );
                }

                ImGui::SameLine( );
                
				ImVec2 cursor_pos = ImGui::GetCursorPos( );
				cursor_pos.y += ImGui::GetContentRegionAvail( ).y - 35.f + ImGui::GetStyle( ).FramePadding.y * 2;
					
				if ( ImGui::BeginChild( ( "##PROPERTIES_AREA" ), ImVec2( ImGui::GetContentRegionAvail( ).x, ImGui::GetContentRegionAvail( ).y - 35.f ), true ) )
				{
					ImGui::TextCentered( ( "PROPERTIES" ) );

					ImGui::EndChild( );
				}

				ImGui::SetCursorPos( cursor_pos );
                    
                ImGui::PushStyleColor( ImGuiCol_::ImGuiCol_Button,			button_actived			);
                ImGui::PushStyleColor( ImGuiCol_::ImGuiCol_ButtonHovered,	button_actived_hovered	);

                if ( ImGui::Button( ( "DELETE##BUTTON_DELETE" ), ImVec2( ImGui::GetContentRegionAvail( ).x / 2, ImGui::GetContentRegionAvail( ).y ) ) )
                {
                }

                ImGui::PopStyleColor( 2 );
                    
                ImGui::SameLine( );

                if ( ImGui::Button( ( "UPDATE##BUTTON_UPDATE" ), ImGui::GetContentRegionAvail( ) ) )
                {
                }

            }

            ImGui::End( );
		}

		/* Configuration */
		if ( selected_tab == 2 )
		{
		}

		/* Information */
		if ( selected_tab == 3 )
		{
		}


        // Rendering
        ImGui::Render();
        const float clear_color_with_alpha[4] = { clear_color.x * clear_color.w, clear_color.y * clear_color.w, clear_color.z * clear_color.w, clear_color.w };
        g_pd3dDeviceContext->OMSetRenderTargets(1, &g_mainRenderTargetView, nullptr);
        g_pd3dDeviceContext->ClearRenderTargetView(g_mainRenderTargetView, clear_color_with_alpha);
        ImGui_ImplDX11_RenderDrawData(ImGui::GetDrawData());

        // Present
        HRESULT hr = g_pSwapChain->Present(1, 0);   // Present with vsync
        //HRESULT hr = g_pSwapChain->Present(0, 0); // Present without vsync
        g_SwapChainOccluded = (hr == DXGI_STATUS_OCCLUDED);
    }

    // Cleanup
    ImGui_ImplDX11_Shutdown();
    ImGui_ImplWin32_Shutdown();
    ImGui::DestroyContext();

    CleanupDeviceD3D();
    ::DestroyWindow(hwnd);
    ::UnregisterClassW(wc.lpszClassName, wc.hInstance);

    return 0;
}

// Helper functions

bool CreateDeviceD3D(HWND hWnd)
{
    // Setup swap chain
    // This is a basic setup. Optimally could use e.g. DXGI_SWAP_EFFECT_FLIP_DISCARD and handle fullscreen mode differently. See #8979 for suggestions.
    DXGI_SWAP_CHAIN_DESC sd;
    ZeroMemory(&sd, sizeof(sd));
    sd.BufferCount = 2;
    sd.BufferDesc.Width = 0;
    sd.BufferDesc.Height = 0;
    sd.BufferDesc.Format = DXGI_FORMAT_R8G8B8A8_UNORM;
    sd.BufferDesc.RefreshRate.Numerator = 60;
    sd.BufferDesc.RefreshRate.Denominator = 1;
    sd.Flags = DXGI_SWAP_CHAIN_FLAG_ALLOW_MODE_SWITCH;
    sd.BufferUsage = DXGI_USAGE_RENDER_TARGET_OUTPUT;
    sd.OutputWindow = hWnd;
    sd.SampleDesc.Count = 1;
    sd.SampleDesc.Quality = 0;
    sd.Windowed = TRUE;
    sd.SwapEffect = DXGI_SWAP_EFFECT_DISCARD;

    UINT createDeviceFlags = 0;
    //createDeviceFlags |= D3D11_CREATE_DEVICE_DEBUG;
    D3D_FEATURE_LEVEL featureLevel;
    const D3D_FEATURE_LEVEL featureLevelArray[2] = { D3D_FEATURE_LEVEL_11_0, D3D_FEATURE_LEVEL_10_0, };
    HRESULT res = D3D11CreateDeviceAndSwapChain(nullptr, D3D_DRIVER_TYPE_HARDWARE, nullptr, createDeviceFlags, featureLevelArray, 2, D3D11_SDK_VERSION, &sd, &g_pSwapChain, &g_pd3dDevice, &featureLevel, &g_pd3dDeviceContext);
    if (res == DXGI_ERROR_UNSUPPORTED) // Try high-performance WARP software driver if hardware is not available.
        res = D3D11CreateDeviceAndSwapChain(nullptr, D3D_DRIVER_TYPE_WARP, nullptr, createDeviceFlags, featureLevelArray, 2, D3D11_SDK_VERSION, &sd, &g_pSwapChain, &g_pd3dDevice, &featureLevel, &g_pd3dDeviceContext);
    if (res != S_OK)
        return false;

    CreateRenderTarget();
    return true;
}

void CleanupDeviceD3D()
{
    CleanupRenderTarget();
    if (g_pSwapChain) { g_pSwapChain->Release(); g_pSwapChain = nullptr; }
    if (g_pd3dDeviceContext) { g_pd3dDeviceContext->Release(); g_pd3dDeviceContext = nullptr; }
    if (g_pd3dDevice) { g_pd3dDevice->Release(); g_pd3dDevice = nullptr; }
}

void CreateRenderTarget()
{
    ID3D11Texture2D* pBackBuffer;
    g_pSwapChain->GetBuffer(0, IID_PPV_ARGS(&pBackBuffer));
    g_pd3dDevice->CreateRenderTargetView(pBackBuffer, nullptr, &g_mainRenderTargetView);
    pBackBuffer->Release();
}

void CleanupRenderTarget()
{
    if (g_mainRenderTargetView) { g_mainRenderTargetView->Release(); g_mainRenderTargetView = nullptr; }
}

// Forward declare message handler from imgui_impl_win32.cpp
extern IMGUI_IMPL_API LRESULT ImGui_ImplWin32_WndProcHandler(HWND hWnd, UINT msg, WPARAM wParam, LPARAM lParam);

// Win32 message handler
// You can read the io.WantCaptureMouse, io.WantCaptureKeyboard flags to tell if dear imgui wants to use your inputs.
// - When io.WantCaptureMouse is true, do not dispatch mouse input data to your main application, or clear/overwrite your copy of the mouse data.
// - When io.WantCaptureKeyboard is true, do not dispatch keyboard input data to your main application, or clear/overwrite your copy of the keyboard data.
// Generally you may always pass all inputs to dear imgui, and hide them from your application based on those two flags.
LRESULT WINAPI WndProc(HWND hWnd, UINT msg, WPARAM wParam, LPARAM lParam)
{
    if (ImGui_ImplWin32_WndProcHandler(hWnd, msg, wParam, lParam))
        return true;

    switch (msg)
    {
    case WM_SIZE:
        if (wParam == SIZE_MINIMIZED)
            return 0;
        g_ResizeWidth = (UINT)LOWORD(lParam); // Queue resize
        g_ResizeHeight = (UINT)HIWORD(lParam);
        return 0;
    case WM_SYSCOMMAND:
        if ((wParam & 0xfff0) == SC_KEYMENU) // Disable ALT application menu
            return 0;
        break;
    case WM_DESTROY:
        ::PostQuitMessage(0);
        return 0;
    }
    return ::DefWindowProcW(hWnd, msg, wParam, lParam);
}
